condition,step,layer,seeds,mean_update_to_weight_ratio,std_update_to_weight_ratio,mean_gradient_norm,std_gradient_norm
no_warmup,1,hidden,5,0.0024075802685082025,9.25736359988432e-06,1.415947638757749,0.05174146435320884
no_warmup,1,hidden_norm,5,0.00021212508286362798,1.6311024804059093e-09,0.12622090389130683,0.002852959541192827
no_warmup,1,input,5,0.0008614704248654566,6.588089103056996e-06,0.7650747850138605,0.03598153512196476
no_warmup,1,output,5,0.0024154441020749996,4.297205450941029e-05,1.8892036411735913,0.07850715163299943
no_warmup,1,output_norm,5,0.00021213274136623925,1.4925550658348681e-09,0.16389641079053313,0.0062921886312898604
no_warmup,2,hidden,5,0.001852990485928309,1.7656659437288563e-05,1.4275455065837879,0.05960060432711758
no_warmup,2,hidden_norm,5,0.00016214276571640458,2.6356823400729587e-06,0.12198749666961647,0.007287678631472401
no_warmup,2,input,5,0.0006610777941795894,3.994732853308007e-06,0.7804151678397331,0.04186227116100968
no_warmup,2,output,5,0.0018990642972812597,3.266336093319302e-05,1.8778353133493773,0.049813776607946635
no_warmup,2,output_norm,5,0.0001669032560090901,6.0614092613925715e-06,0.16317665889851454,0.01454010827703996
no_warmup,3,hidden,5,0.0016466276363666555,1.5211744883943515e-05,1.3675858791463837,0.02675687643299284
no_warmup,3,hidden_norm,5,0.00014514609338260216,2.583570086453343e-06,0.11984470952318846,0.007456371226515239
no_warmup,3,input,5,0.000588229025031599,2.8367048548182803e-06,0.7462040320240997,0.013968909656496217
no_warmup,3,output,5,0.0017237055088346897,3.398353594942731e-05,1.8326528833530464,0.04958771494834561
no_warmup,3,output_norm,5,0.00015107738915782278,5.055721656822602e-06,0.15456613572931022,0.017413038114515923
no_warmup,4,hidden,5,0.0015392153002846665,1.9661809810040887e-05,1.4107801962726654,0.02007577744105049
no_warmup,4,hidden_norm,5,0.00013723437930597925,3.073127487161063e-06,0.1291138556970744,0.003370202014445792
no_warmup,4,input,5,0.0005504430694715728,4.725122770626417e-06,0.7711171798214493,0.029733284921088673
no_warmup,4,output,5,0.00162725592225655,4.251500981959462e-05,1.884330231501884,0.03655100337441651
no_warmup,4,output_norm,5,0.00014300924305840813,6.501203559428987e-06,0.16627046244316646,0.007244728654277174
no_warmup,5,hidden,5,0.0014807358774825638,2.068636796535448e-05,1.409793009033671,0.05797488160979704
no_warmup,5,hidden_norm,5,0.0001324894927930163,3.00419612000027e-06,0.12064102307325857,0.005267389315451223
no_warmup,5,input,5,0.000528925771107791,3.811665765717878e-06,0.7544553904582261,0.030467964643652392
no_warmup,5,output,5,0.0015830887775339045,3.656053925699505e-05,1.8778975915581655,0.06687079152547086
no_warmup,5,output_norm,5,0.000139297835096185,5.208505800661135e-06,0.16046479211353853,0.011085960574143582
no_warmup,6,hidden,5,0.001432723625566705,1.9101905747308836e-05,1.3737474220731838,0.04964307033040415
no_warmup,6,hidden_norm,5,0.00012944322562670566,3.939863762046616e-06,0.12462225369144524,0.019353917324169204
no_warmup,6,input,5,0.0005135531551186141,4.4050215685263925e-06,0.7524163664753105,0.04434234800766239
no_warmup,6,output,5,0.0015404065892951097,3.283232748959932e-05,1.8318726847764997,0.01775225114353873
no_warmup,6,output_norm,5,0.00013667249403103376,5.9704814965203294e-06,0.17483792582917723,0.02695667027690559
no_warmup,7,hidden,5,0.0013997311008475928,1.6282428327446114e-05,1.3690320606000106,0.06626503287591458
no_warmup,7,hidden_norm,5,0.0001273791915754637,3.734161409083354e-06,0.1259185734500207,0.011916788712889932
no_warmup,7,input,5,0.0005013902711307756,3.923563973607132e-06,0.7450027708525275,0.03681806050285912
no_warmup,7,output,5,0.001508193755336566,2.6591367426939236e-05,1.8336372950332838,0.08118946764073166
no_warmup,7,output_norm,5,0.0001356056492933231,4.882234491049097e-06,0.16256705775796754,0.02105600633027496
no_warmup,8,hidden,5,0.0013716816484745555,1.3112162014962218e-05,1.398287307195216,0.027641617982926404
no_warmup,8,hidden_norm,5,0.00012396549680915276,3.863652197645879e-06,0.12322910727040012,0.008179419482994494
no_warmup,8,input,5,0.0004909988586679389,4.339903631768712e-06,0.7560514417273354,0.02753557942120396
no_warmup,8,output,5,0.0014854218583310686,2.8293866609212954e-05,1.865439043388284,0.07293456858220326
no_warmup,8,output_norm,5,0.0001329795411656197,6.02505849273803e-06,0.16760669793121435,0.008253251537985635
no_warmup,9,hidden,5,0.0013492606154982137,1.262936525207863e-05,1.3553334391447376,0.05747893341989183
no_warmup,9,hidden_norm,5,0.00012173960596238724,3.1776433295384354e-06,0.12158079659840623,0.006876034588936745
no_warmup,9,input,5,0.00048349419144538754,5.401077563804761e-06,0.7440101496630132,0.023088516958849135
no_warmup,9,output,5,0.0014664606423984573,2.8259998331018997e-05,1.8153035825575348,0.10173992414598516
no_warmup,9,output_norm,5,0.00012997787246578897,6.074537591346482e-06,0.1588988189940046,0.01963594427454736
no_warmup,10,hidden,5,0.001334183054591638,9.75987934210526e-06,1.3699969921034205,0.059442311845469616
no_warmup,10,hidden_norm,5,0.0001201931455394957,4.372892130587996e-06,0.12246402084024947,0.003189261865167902
no_warmup,10,input,5,0.0004784223951626649,5.7975015499181045e-06,0.7451798794506725,0.04374888377561861
no_warmup,10,output,5,0.0014509700156615825,2.5802961355872446e-05,1.818510298555894,0.0906795395305435
no_warmup,10,output_norm,5,0.00012814077085260552,7.966444017040642e-06,0.15838481524949027,0.005161684114152851
no_warmup,11,hidden,5,0.001321401263150853,1.339164688448747e-05,1.3723473040895375,0.04467337802241891
no_warmup,11,hidden_norm,5,0.00011993531141956719,4.389921889857675e-06,0.12740559505481705,0.006849789912581215
no_warmup,11,input,5,0.00047383104108878697,7.280461723325682e-06,0.7470590410893714,0.02251022325316811
no_warmup,11,output,5,0.0014377410500859419,2.911515431173654e-05,1.8274078334110704,0.07079428617921063
no_warmup,11,output_norm,5,0.0001279723151818575,9.1602959469614e-06,0.17152813538173514,0.020873647157874296
no_warmup,12,hidden,5,0.0013087462613635091,1.0969266327098983e-05,1.3423222272452278,0.01531624195315712
no_warmup,12,hidden_norm,5,0.00011928911924643307,3.919555955977507e-06,0.12075245022899775,0.005866033659758749
no_warmup,12,input,5,0.0004696412135406128,7.991441564256429e-06,0.7296945466249606,0.024762002482245676
no_warmup,12,output,5,0.0014284031668870124,2.8194196154476357e-05,1.7773439245155391,0.02981980885287414
no_warmup,12,output_norm,5,0.000126975768813898,1.0005620125297123e-05,0.153384576176796,0.0111602974764537
no_warmup,13,hidden,5,0.0012965934830133662,1.1304889447984949e-05,1.3363273911065106,0.05005338932516931
no_warmup,13,hidden_norm,5,0.00011836643750472406,2.7184834910437914e-06,0.11778814175123964,0.012493192189688803
no_warmup,13,input,5,0.0004645675195206946,8.879243456421814e-06,0.7186694220859028,0.029122835138096506
no_warmup,13,output,5,0.0014196800941758602,2.7366096050280504e-05,1.7942017372463226,0.026822367695930122
no_warmup,13,output_norm,5,0.0001267894027864482,8.733580685691972e-06,0.15565172019860146,0.021639131862082047
no_warmup,14,hidden,5,0.0012904988291276486,8.310261112674353e-06,1.3542943767523332,0.048739056255946274
no_warmup,14,hidden_norm,5,0.00011823125566475246,2.5796424985456222e-06,0.12000022899449388,0.004761769334184796
no_warmup,14,input,5,0.0004622973233775705,8.326106866033254e-06,0.732406161986059,0.04171321843477428
no_warmup,14,output,5,0.0014149498833374938,2.3521531571086875e-05,1.7975835796397779,0.031059147413308754
no_warmup,14,output_norm,5,0.00012665953647582098,8.49083115094925e-06,0.15674000574793628,0.01294579302819787
no_warmup,15,hidden,5,0.0012855769672080108,1.135596202326154e-05,1.3561894929639124,0.045428275127432596
no_warmup,15,hidden_norm,5,0.00011820861302296482,2.3838487932578493e-06,0.11981980580718048,0.011890994081633159
no_warmup,15,input,5,0.0004597805994701063,7.5077255327117135e-06,0.7225506343722019,0.035109259040872455
no_warmup,15,output,5,0.0014080390268284095,2.28004458658644e-05,1.7830985963529578,0.05702824662139616
no_warmup,15,output_norm,5,0.0001254006854371685,8.202213873799505e-06,0.15094983500639253,0.02719525604310207
no_warmup,16,hidden,5,0.0012729542051067057,1.5933085656702432e-05,1.3076594970166107,0.07178525903521449
no_warmup,16,hidden_norm,5,0.00011623260877467953,4.696524950259399e-06,0.11301808199063752,0.010810421233188426
no_warmup,16,input,5,0.0004561749648502375,1.0054914796718595e-05,0.7165373914630383,0.0430446467256825
no_warmup,16,output,5,0.0013953505926913817,1.99852976894629e-05,1.7052029251718661,0.0891035306984544
no_warmup,16,output_norm,5,0.00012347304051603478,9.590921335436596e-06,0.14753597777308064,0.020448465671152487
no_warmup,17,hidden,5,0.0012653783683399323,1.4725890356620154e-05,1.3328924890810536,0.0687611995030215
no_warmup,17,hidden_norm,5,0.00011588245616632178,4.663369507621506e-06,0.12380331863371649,0.020646390630248933
no_warmup,17,input,5,0.00045391848862182365,8.98142334066621e-06,0.7245489471630655,0.03066917372092961
no_warmup,17,output,5,0.0013850253541517943,1.3001558794828705e-05,1.785422854193775,0.05528493064932543
no_warmup,17,output_norm,5,0.00012297430896673154,9.899060837895763e-06,0.16524582814785918,0.0340099931239467
no_warmup,18,hidden,5,0.0012608416976136658,1.1105621257563619e-05,1.3197293580971936,0.054573821665627346
no_warmup,18,hidden_norm,5,0.00011551801912056555,3.707745383241218e-06,0.11362553434606322,0.005717135084968409
no_warmup,18,input,5,0.0004520914081015383,8.669828343059182e-06,0.7132309784883939,0.03869435692803085
no_warmup,18,output,5,0.0013808522667430796,1.0225641551413812e-05,1.730615482347951,0.062986299202388
no_warmup,18,output_norm,5,0.00012219480487795368,8.913269798195535e-06,0.1432149621373741,0.01114841778610731
no_warmup,19,hidden,5,0.0012530779907552747,1.4011840803253753e-05,1.318842774816702,0.061008088260714424
no_warmup,19,hidden_norm,5,0.00011392539516830512,4.588841389072661e-06,0.1151283187571367,0.006102026427393375
no_warmup,19,input,5,0.00044873440706252686,8.820902772492445e-06,0.7099318375385438,0.02380166632247915
no_warmup,19,output,5,0.0013722546658229639,1.3520661409359464e-05,1.718613434833975,0.0641840279843754
no_warmup,19,output_norm,5,0.00011981145767492021,7.750304591391365e-06,0.14585826006785724,0.010690503628230754
no_warmup,20,hidden,5,0.0012504759313110643,1.3702988325881921e-05,1.3342969590006977,0.04628855643001423
no_warmup,20,hidden_norm,5,0.00011364197145181927,5.577525492745328e-06,0.12070727911846298,0.0036474884532245394
no_warmup,20,input,5,0.00044826859366167444,9.700803633701416e-06,0.7276663576377637,0.026511001375465904
no_warmup,20,output,5,0.0013655542854981914,1.6304569504266667e-05,1.765960498426662,0.06385544010056124
no_warmup,20,output_norm,5,0.00011863154720803196,5.318553181465669e-06,0.15228563670137565,0.010663947569271689
no_warmup,21,hidden,5,0.0012445140205823752,1.4550592330402068e-05,1.3092009653796202,0.03825376705843881
no_warmup,21,hidden_norm,5,0.00011341938266878934,5.9333378937295585e-06,0.11666665730711583,0.009810253386756649
no_warmup,21,input,5,0.00044620794608522254,9.062161753502088e-06,0.704200835457344,0.02693083716471045
no_warmup,21,output,5,0.0013591771446931837,1.89954808801467e-05,1.7166741798080192,0.07452667583984311
no_warmup,21,output_norm,5,0.00011777930641701151,5.800907385745916e-06,0.14642340553309435,0.016779626086165584
no_warmup,22,hidden,5,0.0012362906348029109,1.8963195044191147e-05,1.2840579516288764,0.06601777597104858
no_warmup,22,hidden_norm,5,0.0001118005537820634,5.969440261911343e-06,0.11633631344241908,0.007000969266907256
no_warmup,22,input,5,0.00044332326088244924,1.0637927867913247e-05,0.6988270873428799,0.04688883297328837
no_warmup,22,output,5,0.0013494957152387398,2.3964083994701923e-05,1.690243280170415,0.06421936700576558
no_warmup,22,output_norm,5,0.00011560869698752434,5.898834193944718e-06,0.15057360244912615,0.014071075367581542
no_warmup,23,hidden,5,0.0012256716224959114,1.951581890752361e-05,1.2743218050779341,0.03563900625592198
no_warmup,23,hidden_norm,5,0.00011016459819029589,5.884056413814877e-06,0.1094342663464662,0.007459102002276051
no_warmup,23,input,5,0.00044026534432690885,1.0714388220811097e-05,0.686951414133188,0.012364902115714513
no_warmup,23,output,5,0.0013402114540179983,2.453138389736616e-05,1.664835018287088,0.0405064283645912
no_warmup,23,output_norm,5,0.00011430533988513319,6.912370612943284e-06,0.13832331455958663,0.01499417913542351
no_warmup,24,hidden,5,0.0012188898655240547,1.753966087111709e-05,1.2823430309138306,0.0324471652546923
no_warmup,24,hidden_norm,5,0.00010982835939413174,5.354223242151826e-06,0.11456951575929657,0.003476275815128209
no_warmup,24,input,5,0.0004384540996270417,1.0318116553429284e-05,0.703245935103768,0.021532859204123476
no_warmup,24,output,5,0.0013329564887405326,2.3250772388997676e-05,1.6783898319176682,0.034879311670364704
no_warmup,24,output_norm,5,0.00011284706274058969,6.026562614564559e-06,0.14221041965936757,0.007408197314902271
no_warmup,25,hidden,5,0.0012102173759189427,1.5024412822629136e-05,1.2686982830722708,0.04445291951479973
no_warmup,25,hidden_norm,5,0.00010877211869264573,5.165705900924104e-06,0.11847734605100683,0.006051454047251552
no_warmup,25,input,5,0.0004358642996316743,1.0822489063102926e-05,0.6923711675958524,0.022757318712982994
no_warmup,25,output,5,0.0013232751320145252,2.2354747803978283e-05,1.6627646844799124,0.052608818382142986
no_warmup,25,output_norm,5,0.00011248806587844267,6.845936702652047e-06,0.1599874911380236,0.012147448198575312
no_warmup,26,hidden,5,0.0012051479336931373,1.5388854830399323e-05,1.2740333100536663,0.03958500703874072
no_warmup,26,hidden_norm,5,0.00010824787405203547,5.04030994997798e-06,0.11330761230732615,0.010715361849633108
no_warmup,26,input,5,0.0004337192515993969,1.0923450956789177e-05,0.6870684336204282,0.036449430812323
no_warmup,26,output,5,0.0013186645899282785,2.6660973593551305e-05,1.6810804151150012,0.07035232936343001
no_warmup,26,output_norm,5,0.00011161085556786566,6.215116769804826e-06,0.14240053165299874,0.01687940904075008
no_warmup,27,hidden,5,0.0012027696164074216,1.1264793743393811e-05,1.2865133519250143,0.04882068915669211
no_warmup,27,hidden_norm,5,0.00010793844791944212,5.879497565474597e-06,0.11967587052231854,0.008486438902973577
no_warmup,27,input,5,0.00043257340235925475,9.116297294534392e-06,0.6940227292383863,0.03087572478505815
no_warmup,27,output,5,0.0013165618189672512,2.5356676748979897e-05,1.6793308841294263,0.03073868899126258
no_warmup,27,output_norm,5,0.00011142506018838443,6.654584821008339e-06,0.14448344219100542,0.015837328757088202
no_warmup,28,hidden,5,0.0011983326688803245,1.0865202466303289e-05,1.2613131018540202,0.05467653314946312
no_warmup,28,hidden_norm,5,0.00010746288963035774,5.765699063931164e-06,0.11219220319914816,0.005537729623919793
no_warmup,28,input,5,0.00043097489025431014,8.957508886060577e-06,0.6859660531146476,0.044574083961711385
no_warmup,28,output,5,0.0013134544830321958,1.836314212002011e-05,1.65443770280081,0.04607722340555545
no_warmup,28,output_norm,5,0.00011056543385977505,6.916293001187115e-06,0.1360638042229543,0.016277670770516492
no_warmup,29,hidden,5,0.001190248408790695,1.3389868702057408e-05,1.235269259097095,0.06045696283444887
no_warmup,29,hidden_norm,5,0.00010612003059492086,6.073503407179087e-06,0.10460693100722748,0.006842986964428314
no_warmup,29,input,5,0.000428083489572687,7.903369565631695e-06,0.6725206809923124,0.025051460864762086
no_warmup,29,output,5,0.0013047867540312461,1.9799027504990823e-05,1.608172221014275,0.06898238678501294
no_warmup,29,output_norm,5,0.00010891205896573167,6.730367983446713e-06,0.1229408840886681,0.009251780468866294
no_warmup,30,hidden,5,0.0011858548630483254,1.1958271401550888e-05,1.2512801226619457,0.04191573795518083
no_warmup,30,hidden_norm,5,0.00010636046698524768,5.660557452613362e-06,0.11299833958111169,0.010719350301803524
no_warmup,30,input,5,0.0004265761579881156,8.203674597482522e-06,0.6733004295015539,0.04060572561674835
no_warmup,30,output,5,0.0012967815311556083,2.2903349011019576e-05,1.6128182342320745,0.0723383840900556
no_warmup,30,output_norm,5,0.00010897552825954846,6.762113578768558e-06,0.1422424483481469,0.022284808866180807
no_warmup,31,hidden,5,0.001177241315163598,1.3339742658617895e-05,1.2378540972759629,0.03143963268320981
no_warmup,31,hidden_norm,5,0.00010553281735295606,5.368582431609616e-06,0.11251285441591338,0.006830289309074023
no_warmup,31,input,5,0.00042403744968122926,7.791859463851587e-06,0.6722805042147719,0.028871507731180537
no_warmup,31,output,5,0.0012899745929963956,2.11005339401472e-05,1.6148883999660726,0.025632127425926337
no_warmup,31,output_norm,5,0.00010729914939483425,6.712439252686467e-06,0.13918711425368474,0.015473555929847995
no_warmup,32,hidden,5,0.0011697449899523888,1.2321132727281834e-05,1.233974162456387,0.041367400559334966
no_warmup,32,hidden_norm,5,0.00010400024887217427,5.644230990909302e-06,0.10349951458683848,0.00303050721368217
no_warmup,32,input,5,0.0004209610111695483,7.749720696347784e-06,0.6646424865411728,0.03374110005126647
no_warmup,32,output,5,0.0012804608800427869,2.165477616440885e-05,1.6065889262003228,0.03618383950081874
no_warmup,32,output_norm,5,0.00010492629291867744,7.208607805163542e-06,0.1227179908284107,0.005356253850566518
no_warmup,33,hidden,5,0.001165994584275586,1.5019894964927914e-05,1.2534800608348955,0.0732811784180124
no_warmup,33,hidden_norm,5,0.00010384185635966836,4.531676040061053e-06,0.10861097178788162,0.018892000396565824
no_warmup,33,input,5,0.0004203227084772461,8.91994473636045e-06,0.6783687725883694,0.05358497295471722
no_warmup,33,output,5,0.0012732793106344314,1.8244224803762282e-05,1.62730659302519,0.0786606914464119
no_warmup,33,output_norm,5,0.00010425566148575202,5.88104513158145e-06,0.1326975949142991,0.02891588697051551
no_warmup,34,hidden,5,0.0011612662255130822,1.2418444943714877e-05,1.2545182722164752,0.052181260664752684
no_warmup,34,hidden_norm,5,0.00010355055994009576,4.334293019627683e-06,0.11552545199129097,0.007641606266047094
no_warmup,34,input,5,0.00041867674557969324,1.012624341766776e-05,0.6809373567376025,0.0371687614345377
no_warmup,34,output,5,0.0012702882097580799,1.867535221069974e-05,1.6359475272814774,0.013936349365587417
no_warmup,34,output_norm,5,0.00010362763145447702,5.343435575758248e-06,0.14522068467424817,0.009903479086537508
no_warmup,35,hidden,5,0.0011565897678091051,1.2875758757434447e-05,1.215638927298929,0.03754018453096975
no_warmup,35,hidden_norm,5,0.00010323790244220576,4.23733176164705e-06,0.10510498728924744,0.006646325800397829
no_warmup,35,input,5,0.0004175313379598174,9.905410778746771e-06,0.6629020328102893,0.031937916500016914
no_warmup,35,output,5,0.0012637336093353317,2.0215861803528113e-05,1.5783570470084336,0.023862524060862575
no_warmup,35,output_norm,5,0.00010326619130420923,4.738887837617315e-06,0.12702716634097982,0.010454849988189626
no_warmup,36,hidden,5,0.0011490140344310024,1.311738592535566e-05,1.1959229450876725,0.03658236275028502
no_warmup,36,hidden_norm,5,0.0001026579443060082,4.0237512619241126e-06,0.10512824178767169,0.00605135386363191
no_warmup,36,input,5,0.0004153180542703842,9.336250305446075e-06,0.6516017582242377,0.026979175548411803
no_warmup,36,output,5,0.0012560350703551605,2.0377716304170382e-05,1.5748934462428736,0.037429621664851746
no_warmup,36,output_norm,5,0.00010253388977315807,4.370630582205384e-06,0.12559771213268653,0.015085079532105902
no_warmup,37,hidden,5,0.0011406666853786816,1.4326475846938114e-05,1.17861201108254,0.047854893765076775
no_warmup,37,hidden_norm,5,0.00010203768083929508,3.9541247234081614e-06,0.09967987928357414,0.006387785011079494
no_warmup,37,input,5,0.00041269265239499457,8.27386507620234e-06,0.6393171968910464,0.015126613011693874
no_warmup,37,output,5,0.001247138430745956,2.030718801081676e-05,1.5440639818765054,0.06134927114971506
no_warmup,37,output_norm,5,0.00010257395443931752,4.690128750929937e-06,0.12515742815005998,0.010540453045580746
no_warmup,38,hidden,5,0.001135775271159247,1.2734080591981223e-05,1.210798896934549,0.04802970151992722
no_warmup,38,hidden_norm,5,0.00010103375280743586,3.828506629376854e-06,0.10545773818784102,0.008678439714292847
no_warmup,38,input,5,0.00041092702105977676,6.761441808131885e-06,0.6621744039601223,0.018614085374804308
no_warmup,38,output,5,0.001242504793399625,1.9897673792230434e-05,1.5807700907793814,0.08030439025280646
no_warmup,38,output_norm,5,0.00010018449335337774,4.13643272936386e-06,0.12796387344380583,0.013547389647050403
no_warmup,39,hidden,5,0.001129781056583991,9.958336696655632e-06,1.179731459718947,0.06464098426697698
no_warmup,39,hidden_norm,5,0.0001008213879541372,4.160601106092076e-06,0.10420263367436963,0.011732573872653437
no_warmup,39,input,5,0.0004086436133387452,8.08738351412735e-06,0.6352379777923292,0.03966063221348664
no_warmup,39,output,5,0.0012367060020176033,2.6549798664113122e-05,1.536875939375965,0.09440679438842675
no_warmup,39,output_norm,5,9.934757397978477e-05,5.313133545865895e-06,0.12285665793491411,0.02178284133787962
no_warmup,40,hidden,5,0.00112496710740036,9.853355689078512e-06,1.1983800069661705,0.05990902333300448
no_warmup,40,hidden_norm,5,0.0001012996905333829,4.636051811353341e-06,0.11341524353545351,0.008101754986149705
no_warmup,40,input,5,0.00040703278613015597,7.564366828677069e-06,0.6472408905868245,0.03555620293039466
no_warmup,40,output,5,0.0012333020653621525,2.5113116753244772e-05,1.58412245122453,0.056945914341707204
no_warmup,40,output_norm,5,9.900453585507596e-05,5.698058324230328e-06,0.13767948913793285,0.011560070963413658
no_warmup,41,hidden,5,0.0011207409983205493,1.2690051209524794e-05,1.2063425305912836,0.010375308000622417
no_warmup,41,hidden_norm,5,0.00010118487065374731,4.371027573120872e-06,0.1080123818136548,0.0059256129649568855
no_warmup,41,input,5,0.00040600973403651775,9.513601907379516e-06,0.6459704043710378,0.02512784568334003
no_warmup,41,output,5,0.0012303337815405232,2.8596533435492937e-05,1.573402492003282,0.018365506581758756
no_warmup,41,output_norm,5,9.905403501249634e-05,6.449503989909749e-06,0.13181804239744266,0.006688789066626569
no_warmup,42,hidden,5,0.0011182349669896815,1.2063239599454385e-05,1.1955162698192743,0.03580452067001522
no_warmup,42,hidden_norm,5,0.00010096892933308098,4.722951441786646e-06,0.10839664202465786,0.0038767698344176027
no_warmup,42,input,5,0.0004055781866509907,1.0526916052175952e-05,0.654201371331605,0.025125756915098458
no_warmup,42,output,5,0.0012249798453597466,2.9269615861653325e-05,1.539200260427752,0.04161730975750075
no_warmup,42,output_norm,5,9.891491746354336e-05,9.436260007496188e-06,0.1343632575051097,0.005711197101877001
no_warmup,43,hidden,5,0.0011123161438124543,1.3973688024206235e-05,1.1909816059102443,0.031089707486200262
no_warmup,43,hidden_norm,5,0.0001002109241276155,4.50227850723981e-06,0.10672057473500482,0.005505159415212645
no_warmup,43,input,5,0.0004035551516516761,9.180623715157001e-06,0.6462856319511978,0.019026893482893995
no_warmup,43,output,5,0.0012219180598567144,2.930252680862993e-05,1.5867651920446688,0.0653715490001877
no_warmup,43,output_norm,5,9.812736124107176e-05,8.388073080847936e-06,0.13209141746556563,0.013055460897080803
no_warmup,44,hidden,5,0.0011067188344396231,1.4146257616634386e-05,1.1642292798117309,0.036175944970680926
no_warmup,44,hidden_norm,5,9.957710583259121e-05,5.26593771579151e-06,0.10525650401830491,0.006552367056228443
no_warmup,44,input,5,0.00040216026800505515,8.411887682415019e-06,0.6460960806490683,0.02893247182229102
no_warmup,44,output,5,0.0012166529679745507,2.279919759633752e-05,1.542855669810871,0.037311461312859735
no_warmup,44,output_norm,5,9.780048682263122e-05,6.506139398635282e-06,0.1325754825720249,0.005981036776136274
no_warmup,45,hidden,5,0.0010977490668238402,2.001232466294139e-05,1.1617856282516883,0.053175836700730165
no_warmup,45,hidden_norm,5,9.869140697439977e-05,6.197509470067715e-06,0.10454172531075678,0.00779886117857782
no_warmup,45,input,5,0.000399417055935695,8.906138757465586e-06,0.6341604605131322,0.020652196240345113
no_warmup,45,output,5,0.0012079407334674255,2.9657345147228022e-05,1.5204463426801103,0.08765008406562298
no_warmup,45,output_norm,5,9.665390932546334e-05,7.480680433608196e-06,0.1298055711808215,0.013554801962475447
no_warmup,46,hidden,5,0.0010926862815859768,1.5776714083861292e-05,1.1720685504841577,0.026209719661476515
no_warmup,46,hidden_norm,5,9.844339526858706e-05,5.483091181594887e-06,0.10540903039568676,0.007908108381068108
no_warmup,46,input,5,0.000398306184028492,6.620057138015778e-06,0.6435283759239686,0.027472381793046834
no_warmup,46,output,5,0.0012010523065189142,2.774464821847624e-05,1.5564056446379457,0.02292863417145518
no_warmup,46,output_norm,5,9.694590822250286e-05,5.933505717171502e-06,0.13139273688130634,0.013308665201475146
no_warmup,47,hidden,5,0.0010893201872044646,1.601568876704605e-05,1.1824443421995656,0.05165391872563812
no_warmup,47,hidden_norm,5,9.819254857974997e-05,5.18991218015051e-06,0.10184070976372891,0.004774392732924188
no_warmup,47,input,5,0.0003974987825886905,6.7467615990506565e-06,0.6439149334622447,0.035352200982823705
no_warmup,47,output,5,0.0011965025614802762,2.718334517730422e-05,1.541090879009866,0.04523948382374884
no_warmup,47,output_norm,5,9.618914393936093e-05,5.015811293640025e-06,0.12660744413477648,0.004536885162993522
no_warmup,48,hidden,5,0.001082188919614494,1.236508041078872e-05,1.1393940749097689,0.044557375316750955
no_warmup,48,hidden_norm,5,9.83220025536516e-05,3.7963658381818035e-06,0.10500023502287818,0.015189689175914182
no_warmup,48,input,5,0.0003961472337046009,6.511032428739825e-06,0.6245668098569391,0.02347948147327302
no_warmup,48,output,5,0.001189786506591089,2.9718485256384607e-05,1.4993044279317214,0.029361323262910525
no_warmup,48,output_norm,5,9.679812691064184e-05,3.915699982281904e-06,0.12931400037984442,0.023204209256914597
no_warmup,49,hidden,5,0.0010786330468110193,8.460726307281528e-06,1.1448255984103828,0.02804879748980697
no_warmup,49,hidden_norm,5,9.85139786511526e-05,3.929764245991535e-06,0.10406484990750935,0.004610384909147521
no_warmup,49,input,5,0.0003953539877405052,6.891110549162936e-06,0.6299779174122287,0.022244858605804985
no_warmup,49,output,5,0.001184795509915205,2.8728125728072793e-05,1.5100604648948732,0.038609788154156714
no_warmup,49,output_norm,5,9.781388630726115e-05,4.4794599879451506e-06,0.12513596038514735,0.01363629048991614
no_warmup,50,hidden,5,0.001072465803954086,9.470095015154847e-06,1.1589091083953147,0.04708443650769386
no_warmup,50,hidden_norm,5,9.759617589530327e-05,4.427740844691373e-06,0.10117017340386666,0.011712709898844455
no_warmup,50,input,5,0.00039373883853907246,8.068320874597642e-06,0.6316741372629066,0.03583419343644744
no_warmup,50,output,5,0.0011750455787545055,2.9998439776553966e-05,1.4939437539894427,0.06274375247295087
no_warmup,50,output_norm,5,9.651821673645392e-05,4.79640566193115e-06,0.1209706164793759,0.021165392325934725
no_warmup,51,hidden,5,0.0010651163354470027,1.0711225328880337e-05,1.125503698866487,0.03539568954151833
no_warmup,51,hidden_norm,5,9.74905106913454e-05,3.973701118531625e-06,0.10257642569255598,0.005764922435052755
no_warmup,51,input,5,0.0003911085139007791,7.621908993695232e-06,0.6140686307226014,0.025282945929235034
no_warmup,51,output,5,0.0011679242042062165,2.858515187049338e-05,1.4806115822944192,0.05661845681952017
no_warmup,51,output_norm,5,9.649609483367065e-05,3.183396595777163e-06,0.12724426061892652,0.017568262451479636
no_warmup,52,hidden,5,0.0010600755079438926,1.0430059899688694e-05,1.1520468955260423,0.01323480939964036
no_warmup,52,hidden_norm,5,9.738866533400391e-05,4.460340280908422e-06,0.10286271267422789,0.003050495022331095
no_warmup,52,input,5,0.00038954633361100633,6.420544174960404e-06,0.6316071875060418,0.025838911060557763
no_warmup,52,output,5,0.0011605596570320748,2.9256967952474378e-05,1.4918861741659524,0.025716971387024692
no_warmup,52,output_norm,5,9.632245887753547e-05,3.929748882339879e-06,0.1250729610892373,0.010314068272542828
no_warmup,53,hidden,5,0.0010533723804917647,9.483965315850944e-06,1.143699319041168,0.053138347752794246
no_warmup,53,hidden_norm,5,9.728756327858005e-05,5.4392831978927605e-06,0.10474384760230222,0.009631012407772912
no_warmup,53,input,5,0.0003889794676559492,5.455935509578356e-06,0.6366744367818205,0.03497480796714965
no_warmup,53,output,5,0.0011524250520006571,2.6912044599844687e-05,1.4912612957961784,0.0652389063157859
no_warmup,53,output_norm,5,9.635939493011974e-05,5.725869283003606e-06,0.12997574508766058,0.01832066974440379
no_warmup,54,hidden,5,0.0010452991725907578,1.0064191087877516e-05,1.1254291178660432,0.025434065781187877
no_warmup,54,hidden_norm,5,9.717368421025264e-05,4.811634619349747e-06,0.10160314079942392,0.005948144972102388
no_warmup,54,input,5,0.0003876744212767826,5.713206275625242e-06,0.6225857441190074,0.028850052727784323
no_warmup,54,output,5,0.0011439746277548115,2.9332145254099452e-05,1.4745012484154967,0.06361270509911039
no_warmup,54,output_norm,5,9.674499016407615e-05,4.419513495080677e-06,0.1260645377629575,0.006931261819398696
no_warmup,55,hidden,5,0.0010372689264412627,1.3957849319986636e-05,1.1023193213613882,0.0505248678877104
no_warmup,55,hidden_norm,5,9.606374355540765e-05,5.219006440633569e-06,0.09920615000187724,0.0064462180126034
no_warmup,55,input,5,0.000383709012108415,5.034180712044185e-06,0.6006120486100542,0.024553350755378213
no_warmup,55,output,5,0.001136216730390387,3.0302163993377636e-05,1.4311492436583306,0.08684800009562482
no_warmup,55,output_norm,5,9.411583162233298e-05,5.7206668381884e-06,0.11620819823508954,0.010887813480489198
no_warmup,56,hidden,5,0.00102833140466035,1.6427117847950542e-05,1.1131022128579533,0.03234541774176748
no_warmup,56,hidden_norm,5,9.602426009703302e-05,5.223148071118325e-06,0.10618606664680999,0.004888684109752639
no_warmup,56,input,5,0.00038099011387241627,4.21036309593936e-06,0.6112396517832035,0.02256142970305327
no_warmup,56,output,5,0.0011260995734020435,3.197787205101967e-05,1.4529905274581154,0.03983926744458757
no_warmup,56,output_norm,5,9.368814305620907e-05,5.882569961094905e-06,0.12862513623548277,0.014072832012114627
no_warmup,57,hidden,5,0.001026017880082138,1.4647204330400753e-05,1.1346586238900351,0.040909920236734176
no_warmup,57,hidden_norm,5,9.53147704982189e-05,4.939981691603517e-06,0.10168193127964906,0.00763769292019814
no_warmup,57,input,5,0.00038085800583014635,4.659730611822399e-06,0.6212208346530559,0.02865129716268942
no_warmup,57,output,5,0.0011225956288960781,3.2462441770467296e-05,1.4761783117568537,0.01941221768063919
no_warmup,57,output_norm,5,9.373941609940669e-05,6.178690339231331e-06,0.12475680916360461,0.02035460135368173
no_warmup,58,hidden,5,0.0010268144474358221,1.5388832483211983e-05,1.1365435727299,0.020294567788768193
no_warmup,58,hidden_norm,5,9.549937449486199e-05,5.498045221026445e-06,0.10399944492461163,0.0056736520843575
no_warmup,58,input,5,0.00038049306403072026,4.9900362075715425e-06,0.6167278500067594,0.02037145312945845
no_warmup,58,output,5,0.0011238617819941776,3.244637176469758e-05,1.4729870066201147,0.02706161138307208
no_warmup,58,output_norm,5,9.409364850620892e-05,7.391386262496536e-06,0.12810552395110064,0.008199802670809464
no_warmup,59,hidden,5,0.001023358654892302,1.4710193980656453e-05,1.0948665975823784,0.04761272684539008
no_warmup,59,hidden_norm,5,9.536129118707507e-05,5.395572220201893e-06,0.09916571943000808,0.005796070788897604
no_warmup,59,input,5,0.00037851363743262223,4.540663652919949e-06,0.5977303557774774,0.03308854052659547
no_warmup,59,output,5,0.0011193080629970805,3.1546000202991255e-05,1.429130981274954,0.031620021395074686
no_warmup,59,output_norm,5,9.551807768781303e-05,6.616364859221563e-06,0.12490926189816327,0.007995264747988583
no_warmup,60,hidden,5,0.0010212773423156816,1.3592903027232517e-05,1.133318383153591,0.02798536241314402
no_warmup,60,hidden_norm,5,9.564045148438923e-05,5.653707543367117e-06,0.10473600482549057,0.008645156644543897
no_warmup,60,input,5,0.00037800767611705874,4.6898998408125714e-06,0.6247087303383689,0.022446166438593845
no_warmup,60,output,5,0.0011172627201808203,3.0495923051357715e-05,1.473001966408366,0.052881984241920955
no_warmup,60,output_norm,5,9.63296516630952e-05,6.547206465454888e-06,0.12907281089808825,0.01449586463338987
no_warmup,61,hidden,5,0.0010168310114396502,1.2314839246808817e-05,1.1236574976992404,0.016433128857032783
no_warmup,61,hidden_norm,5,9.528991292734233e-05,5.58625862798708e-06,0.10189166556115495,0.005495574684111889
no_warmup,61,input,5,0.0003772470145929329,5.401342007010279e-06,0.622125797828114,0.022645352705891793
no_warmup,61,output,5,0.0011120587684445883,2.404740418945509e-05,1.4465190149506322,0.03107364842308162
no_warmup,61,output_norm,5,9.474251892509979e-05,6.5313866885120406e-06,0.1184884712209536,0.007311745297226938
no_warmup,62,hidden,5,0.0010143322566495536,8.597071681140215e-06,1.1118643241506443,0.043984280234360754
no_warmup,62,hidden_norm,5,9.559163489489137e-05,5.0428839690217884e-06,0.10229963494663777,0.007093572851484107
no_warmup,62,input,5,0.0003764987504957873,6.358812246445442e-06,0.6073749897729882,0.04329453784707182
no_warmup,62,output,5,0.0011073315189163997,2.2744441985420242e-05,1.393154986845897,0.035942607896416574
no_warmup,62,output_norm,5,9.50457349277118e-05,6.970665892700673e-06,0.1218684222005643,0.005695858303748228
no_warmup,63,hidden,5,0.00100932760480851,8.675579779090074e-06,1.0914220155028356,0.05071214313100534
no_warmup,63,hidden_norm,5,9.657064983004977e-05,5.426099969914697e-06,0.10019308338100644,0.007528008768939991
no_warmup,63,input,5,0.00037497195151700135,6.247221423999651e-06,0.6048336392809521,0.02912666343235449
no_warmup,63,output,5,0.0011034109733671933,2.3561770536088575e-05,1.443218911988303,0.05202660217161894
no_warmup,63,output_norm,5,9.583969036749225e-05,6.7540624027049136e-06,0.12322958493806047,0.016849708607969572
no_warmup,64,hidden,5,0.001005364443629234,1.2002045697641e-05,1.0897792473601187,0.015372989765500836
no_warmup,64,hidden_norm,5,9.665426144223315e-05,6.273115222527357e-06,0.10563633481306825,0.011903204401149805
no_warmup,64,input,5,0.0003744449147600134,7.5259073064783e-06,0.6092483559555113,0.027286737806357465
no_warmup,64,output,5,0.001099307448197366,2.943316501152197e-05,1.4129226933882482,0.036708247534544866
no_warmup,64,output_norm,5,9.433129779330312e-05,7.703880357362836e-06,0.1244330556128826,0.0122787787651726
no_warmup,65,hidden,5,0.0009959366318272908,2.0397543609300513e-05,1.051612504359645,0.04889223026583785
no_warmup,65,hidden_norm,5,9.582678366286507e-05,7.1631516982594015e-06,0.09237959513766168,0.009063020807717702
no_warmup,65,input,5,0.0003719494173454323,7.643859610864911e-06,0.5851517414981308,0.018976050466590167
no_warmup,65,output,5,0.001090199178654079,2.66276415142286e-05,1.36549244128385,0.056694136241034504
no_warmup,65,output_norm,5,9.288289472943484e-05,7.543144034256565e-06,0.10811621194157883,0.011455047354850237
no_warmup,66,hidden,5,0.0009908596043699384,1.9708723451946748e-05,1.1020975617954243,0.023301748163971993
no_warmup,66,hidden_norm,5,9.586218543790806e-05,6.778794810155413e-06,0.10070366503895412,0.00906158889790569
no_warmup,66,input,5,0.00036973940995396043,8.194307250762374e-06,0.598014074251261,0.019657434175368478
no_warmup,66,output,5,0.0010850536049941653,2.782527517268947e-05,1.4076994488458303,0.02676223217334939
no_warmup,66,output_norm,5,9.216222556854517e-05,6.252374927883816e-06,0.11674439511901957,0.019105146619597595
no_warmup,67,hidden,5,0.000987195588163979,2.1239375859073402e-05,1.1127355517164346,0.05128288194843144
no_warmup,67,hidden_norm,5,9.564293604064791e-05,6.213129208000897e-06,0.0993892416920922,0.01073245647245817
no_warmup,67,input,5,0.00036907640670358224,9.26308919470692e-06,0.6180293150426833,0.03239492196779359
no_warmup,67,output,5,0.0010813772482979056,3.0159044182242677e-05,1.4415011828197044,0.052052892999192336
no_warmup,67,output_norm,5,9.247961364726185e-05,7.674421744402708e-06,0.12181085065918454,0.016049395325303903
no_warmup,68,hidden,5,0.0009809624350252504,2.2359445491136623e-05,1.082036482174949,0.04540720736279378
no_warmup,68,hidden_norm,5,9.545423260652102e-05,6.619316549717574e-06,0.10360223222766193,0.002980515610751816
no_warmup,68,input,5,0.00036734994472067083,9.205573935388445e-06,0.5992691170714834,0.03109559027672551
no_warmup,68,output,5,0.0010741838205974622,2.4704277417424986e-05,1.409857004066392,0.04162739969921632
no_warmup,68,output_norm,5,9.24183581962122e-05,7.115895895685789e-06,0.12414222900150491,0.011537421006437284
no_warmup,69,hidden,5,0.0009733541864337975,2.2016805641358785e-05,1.0695081794494097,0.045931793315045544
no_warmup,69,hidden_norm,5,9.424251761058563e-05,6.032896141252403e-06,0.10274907601686194,0.006972554703048345
no_warmup,69,input,5,0.0003653069432923051,9.78276866231526e-06,0.5970752712564165,0.029247631486746938
no_warmup,69,output,5,0.0010679418036065947,2.665845390585857e-05,1.3947549249013698,0.048147535862726444
no_warmup,69,output_norm,5,9.157207443113801e-05,6.916147678281349e-06,0.12850180302464398,0.011270783802210766
no_warmup,70,hidden,5,0.0009686186002892,2.0204577202006523e-05,1.0517892054095035,0.03089326774868376
no_warmup,70,hidden_norm,5,9.32650676817439e-05,6.26475909936474e-06,0.09255737206402229,0.002808186860300083
no_warmup,70,input,5,0.00036299464037620904,7.944371375443734e-06,0.5778559791365014,0.016277642965322574
no_warmup,70,output,5,0.0010606521978736361,2.6493700303257792e-05,1.352413868980073,0.06137040630602997
no_warmup,70,output_norm,5,9.009096915160563e-05,6.496135181018176e-06,0.1044898128976586,0.009450569051749886
no_warmup,71,hidden,5,0.0009604720602363887,2.1901153231864676e-05,1.0535485321498497,0.06348263329824594
no_warmup,71,hidden_norm,5,9.263199316810971e-05,6.091056433062302e-06,0.09611887959925683,0.007935257056900605
no_warmup,71,input,5,0.0003605442481324665,7.99737933682342e-06,0.587156779852567,0.028421428634009063
no_warmup,71,output,5,0.0010532013750902999,3.235184300457245e-05,1.3558589015816422,0.05789176233664487
no_warmup,71,output_norm,5,8.94654668883202e-05,6.450645918327914e-06,0.11086970513256525,0.01290577453631499
no_warmup,72,hidden,5,0.0009567165122024504,1.850315842873164e-05,1.0769118916390887,0.030299818362758336
no_warmup,72,hidden_norm,5,9.183983647612129e-05,5.6428435163523186e-06,0.09627313588498745,0.00716933397916228
no_warmup,72,input,5,0.00035999613612957844,6.371657858558916e-06,0.6001888770025923,0.022032822141007984
no_warmup,72,output,5,0.00105059199266682,3.221713516648472e-05,1.3937055225065715,0.03624783618682847
no_warmup,72,output_norm,5,8.826428727329926e-05,6.519122748699617e-06,0.11377612686300156,0.00899141823921902
no_warmup,73,hidden,5,0.0009507462336238957,2.138367413553938e-05,1.0538052974188548,0.04072144673333608
no_warmup,73,hidden_norm,5,9.044777022905517e-05,5.9483163415906015e-06,0.09351219953354445,0.006853596405895673
no_warmup,73,input,5,0.00035783066799653337,6.320913743511916e-06,0.5822617329274538,0.026527027615917954
no_warmup,73,output,5,0.0010451708339755035,3.74745851553697e-05,1.3653483551431038,0.07966636073107186
no_warmup,73,output_norm,5,8.766181681155154e-05,6.800010892586314e-06,0.11160187436820376,0.01493243689059204
no_warmup,74,hidden,5,0.0009450152313356752,2.182259566591068e-05,1.0572909735966491,0.03559754251415102
no_warmup,74,hidden_norm,5,8.970763878609173e-05,6.453077523420803e-06,0.1016015590884484,0.008024272221367946
no_warmup,74,input,5,0.0003566756162736583,7.268487569918144e-06,0.5934514654320763,0.026463124765655387
no_warmup,74,output,5,0.0010389495660946446,3.485700200506323e-05,1.3473165770517066,0.021440609342067398
no_warmup,74,output_norm,5,8.610506005593996e-05,8.290812966995198e-06,0.12264740061262225,0.012560677078838237
no_warmup,75,hidden,5,0.0009428437273730061,2.3944152726730713e-05,1.0790170600974345,0.045680865085681324
no_warmup,75,hidden_norm,5,8.950210341468747e-05,6.24924063618753e-06,0.10287143669448992,0.010610831717426272
no_warmup,75,input,5,0.00035653689596981593,7.995256441805994e-06,0.6067409659360481,0.03166088503548668
no_warmup,75,output,5,0.001035009031265193,3.675271071846412e-05,1.369584757518664,0.05652559678465586
no_warmup,75,output_norm,5,8.512632810438354e-05,5.889985957860266e-06,0.1236095306762601,0.016275042680897207
no_warmup,76,hidden,5,0.0009368985191752442,2.1273158395449556e-05,1.053390278183638,0.03683897312694724
no_warmup,76,hidden_norm,5,8.925232263949146e-05,6.387661928570674e-06,0.10091966166242543,0.013583143181191968
no_warmup,76,input,5,0.0003548607841051519,7.1167923371384524e-06,0.584769348932731,0.025543321428049576
no_warmup,76,output,5,0.0010293365202762982,3.292107726686815e-05,1.3623745312314917,0.022190301991813682
no_warmup,76,output_norm,5,8.490542452636522e-05,7.844545519433557e-06,0.12452302799908936,0.017002180801498273
no_warmup,77,hidden,5,0.0009331538220410654,1.8712001566440655e-05,1.062157660048043,0.04039923443116269
no_warmup,77,hidden_norm,5,8.904343966833452e-05,6.173825213742469e-06,0.10194711711353624,0.007589964233800637
no_warmup,77,input,5,0.0003535332758319357,7.843002266595124e-06,0.5879079692442112,0.021104368896472978
no_warmup,77,output,5,0.0010260702499360337,2.9127074998519264e-05,1.3809825098224322,0.0634283168424865
no_warmup,77,output_norm,5,8.398623347471727e-05,7.089855639600711e-06,0.1194588573374967,0.019309675386486733
no_warmup,78,hidden,5,0.0009269197833690708,2.0866148440106198e-05,1.0495502668192205,0.02729099362610187
no_warmup,78,hidden_norm,5,8.857704961106777e-05,6.64360698342761e-06,0.09492184051808153,0.007819753365071354
no_warmup,78,input,5,0.00035196138825395576,7.90512452024782e-06,0.5824186486120548,0.02245212672354437
no_warmup,78,output,5,0.0010204567251006248,3.092436070093096e-05,1.3597883077880613,0.017175245952539556
no_warmup,78,output_norm,5,8.315523500722508e-05,6.5994552928575295e-06,0.1057303333920433,0.005020657160873827
no_warmup,79,hidden,5,0.0009207680333469378,1.8492890244743427e-05,1.0277860710118734,0.03339143466576863
no_warmup,79,hidden_norm,5,8.763902748741152e-05,6.4726811293048306e-06,0.09468283111589781,0.006895320020585694
no_warmup,79,input,5,0.00035009620582974224,6.520452517950797e-06,0.5807502076171136,0.024933187558314744
no_warmup,79,output,5,0.001015440309345305,3.070974365384683e-05,1.3325933640680256,0.03477813138306422
no_warmup,79,output_norm,5,8.228892997176451e-05,6.012643935271897e-06,0.11067975225917386,0.0133648341741011
no_warmup,80,hidden,5,0.0009173891174067593,1.687032205041497e-05,1.0444845310227033,0.030095052127630816
no_warmup,80,hidden_norm,5,8.666292197384431e-05,5.907934645377085e-06,0.09742149946546867,0.011529053180634966
no_warmup,80,input,5,0.0003490371875177785,6.118955241549394e-06,0.5804174685233112,0.026413064072701938
no_warmup,80,output,5,0.0010150278949160791,3.223132505340182e-05,1.3505557460725996,0.05249858573942451
no_warmup,80,output_norm,5,8.144858414959367e-05,6.013516929356388e-06,0.11346507705543789,0.01775602272253727
no_warmup,81,hidden,5,0.0009139154608346914,1.8752696841122368e-05,1.0381979246226969,0.044239837630219776
no_warmup,81,hidden_norm,5,8.638924650636137e-05,5.2945116696301635e-06,0.09490231403849728,0.005510218112398199
no_warmup,81,input,5,0.0003482035779212359,6.076391952889705e-06,0.5773161262108666,0.02322302230529877
no_warmup,81,output,5,0.0010143869208958964,3.2769388937133325e-05,1.376959838809611,0.08020791174206851
no_warmup,81,output_norm,5,8.109032694676179e-05,5.608197970997045e-06,0.10846000046158463,0.005669372289107116
no_warmup,82,hidden,5,0.0009069496361862666,1.6371559389053284e-05,1.0282996060286258,0.041467668720149814
no_warmup,82,hidden_norm,5,8.542045527470779e-05,4.191519660777763e-06,0.09584907227504076,0.010787800209266563
no_warmup,82,input,5,0.00034514634868379294,5.767555642409343e-06,0.5654310704893224,0.028159764897909206
no_warmup,82,output,5,0.0010049625859010372,3.2597334684623684e-05,1.3069083507427517,0.04377248860204583
no_warmup,82,output_norm,5,7.931772197975456e-05,3.8405620731198595e-06,0.1084398001459385,0.010411500708557491
no_warmup,83,hidden,5,0.0009039914842055786,1.5128842111746005e-05,1.0288731762773136,0.030257249512401285
no_warmup,83,hidden_norm,5,8.584933130896106e-05,4.470863657190229e-06,0.09428240388333582,0.007227621500786944
no_warmup,83,input,5,0.0003444610768523524,5.674646680988845e-06,0.5699017242146345,0.014351944925281999
no_warmup,83,output,5,0.001004075900275491,3.144052121027962e-05,1.3188150187999155,0.04319362716217682
no_warmup,83,output_norm,5,8.012034472205682e-05,3.927785464567095e-06,0.10613712791908506,0.011607940801032958
no_warmup,84,hidden,5,0.0009025392308904116,1.3556626622171361e-05,1.0511284293689969,0.03976182022988235
no_warmup,84,hidden_norm,5,8.585938542880639e-05,4.574440298328321e-06,0.09963573876081663,0.006299654334516848
no_warmup,84,input,5,0.000344795138210509,6.7126182483366685e-06,0.5878179959501002,0.02860667871102147
no_warmup,84,output,5,0.0010014062323588572,3.1756409872022416e-05,1.3548737251247416,0.04284796142712519
no_warmup,84,output_norm,5,8.125731209706396e-05,4.856991478746109e-06,0.12118485468797621,0.011107079520860028
no_warmup,85,hidden,5,0.0008967267267603718,1.2240288428712178e-05,1.006291085530535,0.018055775957157037
no_warmup,85,hidden_norm,5,8.556855882036024e-05,4.56685447274079e-06,0.09613208657379743,0.005441441632711206
no_warmup,85,input,5,0.0003421846945699123,7.015132292999202e-06,0.5547951933583721,0.026508069390784258
no_warmup,85,output,5,0.0009960019535196875,3.080443861080161e-05,1.2808042204210448,0.025919834129425216
no_warmup,85,output_norm,5,8.076346007791325e-05,3.715014984910348e-06,0.11655710674292989,0.00714144296030112
no_warmup,86,hidden,5,0.0008947878798674077,1.5955599794512287e-05,1.0003952703057561,0.038885732880279966
no_warmup,86,hidden_norm,5,8.53815340112764e-05,4.114589465240258e-06,0.08730709472007794,0.004728320910215416
no_warmup,86,input,5,0.0003420403316969362,7.82322126178225e-06,0.5636767289470584,0.027158806443813525
no_warmup,86,output,5,0.0009961758729952013,3.355307325135407e-05,1.2909453967979843,0.063808144349888
no_warmup,86,output_norm,5,8.100359131981876e-05,3.824383088655559e-06,0.10158191841906965,0.01361975153534602
no_warmup,87,hidden,5,0.0008896615218208984,1.841085487158564e-05,0.9993763943914503,0.05267323038436028
no_warmup,87,hidden_norm,5,8.485597525978522e-05,4.967169564911647e-06,0.09237158478330261,0.009694797894614825
no_warmup,87,input,5,0.00034032565433531005,6.853268803223567e-06,0.5567069466265516,0.029269909373970813
no_warmup,87,output,5,0.000987761914846716,2.9174479330613235e-05,1.269092090406441,0.04467035936624584
no_warmup,87,output_norm,5,8.031421043305286e-05,3.7247702777452534e-06,0.11036714532640908,0.014863638326444042
no_warmup,88,hidden,5,0.0008860596864318759,1.5176694940672978e-05,1.0134706755490106,0.013039482742162873
no_warmup,88,hidden_norm,5,8.49611013229835e-05,5.6169459155246185e-06,0.09504665603197889,0.007769639662673998
no_warmup,88,input,5,0.0003397959505220117,5.559815716025493e-06,0.5692009297364367,0.012082301236172373
no_warmup,88,output,5,0.0009805006236814917,2.7464447674402716e-05,1.2890820260705604,0.020087421518830636
no_warmup,88,output_norm,5,7.980224210332767e-05,3.902574170626545e-06,0.10493790285252799,0.008991746954287547
no_warmup,89,hidden,5,0.0008807233638170175,1.5503946683352326e-05,0.9940023040196102,0.045683430153231654
no_warmup,89,hidden_norm,5,8.493890610670412e-05,5.6679537466998215e-06,0.0959791078884733,0.013559585376936885
no_warmup,89,input,5,0.00033851882862121635,6.2131857323342235e-06,0.560531442413412,0.02824265789827935
no_warmup,89,output,5,0.0009749940585282325,2.1567359380281172e-05,1.2799345508928892,0.057061774399809084
no_warmup,89,output_norm,5,7.993911190412371e-05,3.6970503572727975e-06,0.1168888731507475,0.012687918907602201
no_warmup,90,hidden,5,0.0008753007665993687,1.6430553577915153e-05,0.9984537341202829,0.0395334150887485
no_warmup,90,hidden_norm,5,8.469709156600676e-05,5.235128004142023e-06,0.0940693251960034,0.009397663758264417
no_warmup,90,input,5,0.00033765083317207343,7.4393288373450494e-06,0.5720488027472586,0.025272940306014333
no_warmup,90,output,5,0.0009661811344297937,2.3655467957161983e-05,1.2765321562638645,0.05423189601259823
no_warmup,90,output_norm,5,7.933945422250621e-05,3.270647330642352e-06,0.1061309127260149,0.013788272501693935
no_warmup,91,hidden,5,0.0008721162103089075,1.6433596535615735e-05,0.9831407900128836,0.02888753798812102
no_warmup,91,hidden_norm,5,8.438209002013899e-05,6.578221466107454e-06,0.09497870294009125,0.003482907688040732
no_warmup,91,input,5,0.0003369105407680328,5.538351971299222e-06,0.5488487381481015,0.020108066844951984
no_warmup,91,output,5,0.0009609116268314791,2.687653973822579e-05,1.2573586529314027,0.04192559761142162
no_warmup,91,output_norm,5,7.897137231290288e-05,4.8858693908827636e-06,0.11253079059595458,0.007494862375304763
no_warmup,92,hidden,5,0.0008694864160495536,1.846911234017347e-05,0.995227679521923,0.024352943624866858
no_warmup,92,hidden_norm,5,8.455328905753664e-05,7.004669951690616e-06,0.09600063360325342,0.010330262998007458
no_warmup,92,input,5,0.0003359727938308698,4.349063014730659e-06,0.5602584729559925,0.015596176562554773
no_warmup,92,output,5,0.0009573054374108717,3.3006633710828566e-05,1.2839322318671944,0.03272830230580261
no_warmup,92,output_norm,5,8.014409926321766e-05,3.909504313375427e-06,0.11686983013642667,0.012010452584936797
no_warmup,93,hidden,5,0.0008663361364849426,1.8387273089897628e-05,0.9771500189691438,0.02323597380798781
no_warmup,93,hidden_norm,5,8.395666249166951e-05,6.028340330995986e-06,0.0900919672946481,0.0028155736377394663
no_warmup,93,input,5,0.0003347871655399233,3.3730412653653797e-06,0.5470007520048984,0.010942969183289505
no_warmup,93,output,5,0.0009524529650302592,3.4030522262797724e-05,1.2444769916763154,0.037483283411552076
no_warmup,93,output_norm,5,8.115022066761601e-05,3.3867616689639724e-06,0.10480944696593623,0.004781571282508781
no_warmup,94,hidden,5,0.0008626224172941375,2.1412645219114496e-05,1.0048750662482022,0.03345593408740987
no_warmup,94,hidden_norm,5,8.356324177862483e-05,6.152247373729672e-06,0.09568821569522878,0.006986700956002963
no_warmup,94,input,5,0.0003338070820134238,3.6424540879516354e-06,0.5654341286611169,0.019244897666459128
no_warmup,94,output,5,0.0009485961106465012,3.166228373506495e-05,1.2839266348109104,0.051695411091346816
no_warmup,94,output_norm,5,8.014635721863887e-05,2.9260246212675848e-06,0.10742948504453376,0.009505656675356012
no_warmup,95,hidden,5,0.0008595154537232206,2.2015477461485508e-05,1.0209197777631007,0.030464404092924415
no_warmup,95,hidden_norm,5,8.382240050211326e-05,7.112743387271803e-06,0.0987888033315327,0.009602372878417996
no_warmup,95,input,5,0.0003335235054080474,4.71405716441081e-06,0.5765653187591797,0.012130785579351258
no_warmup,95,output,5,0.0009417009315701802,3.022329663203681e-05,1.3065682666352483,0.060512294213361434
no_warmup,95,output_norm,5,8.127316794764279e-05,4.3811780550970295e-06,0.11711255863460504,0.016366908707793896
no_warmup,96,hidden,5,0.0008559503899517425,2.407901764614024e-05,1.0064930370542506,0.03593797761580974
no_warmup,96,hidden_norm,5,8.211521778556452e-05,6.172953111025477e-06,0.09205715925451712,0.011568766281894129
no_warmup,96,input,5,0.00033220651963550605,6.72363742894586e-06,0.5687143489500764,0.028919596151294566
no_warmup,96,output,5,0.000937885409891159,3.251448284480769e-05,1.2753464671995114,0.03619021617608447
no_warmup,96,output_norm,5,7.8383898084619e-05,3.74233390555462e-06,0.10306183838077101,0.02142400216273941
no_warmup,97,hidden,5,0.0008501919894549038,2.4900206524120944e-05,0.980197542484371,0.046864379519964305
no_warmup,97,hidden_norm,5,8.232038065532365e-05,5.53666034496419e-06,0.09024602174658561,0.0061830720458585535
no_warmup,97,input,5,0.0003308652321727016,7.040947601221322e-06,0.5547040245531243,0.016001251665084044
no_warmup,97,output,5,0.0009299662654269935,3.44864964319769e-05,1.237053069486195,0.05182851101351198
no_warmup,97,output_norm,5,7.7991951527486e-05,2.9539144238976962e-06,0.10185447671769945,0.007080533469584541
no_warmup,98,hidden,5,0.0008443133554186029,2.9121406954282303e-05,0.976840491435062,0.03553581690198643
no_warmup,98,hidden_norm,5,8.174247952862451e-05,5.069250331859425e-06,0.09367862901811708,0.010203021017698379
no_warmup,98,input,5,0.00032974820169236603,7.692620192614165e-06,0.5622667792669234,0.021502230905644563
no_warmup,98,output,5,0.0009232678449091891,3.484555961078153e-05,1.2629989950144545,0.042453816602742674
no_warmup,98,output_norm,5,7.816725974956363e-05,3.5999510069530694e-06,0.11159791756534895,0.014468868458488533
no_warmup,99,hidden,5,0.0008435792348229727,3.0579846238762034e-05,0.9802463013434795,0.01556993358561955
no_warmup,99,hidden_norm,5,8.257862374920839e-05,5.416287839240702e-06,0.09540021819650943,0.007432048250905151
no_warmup,99,input,5,0.0003292683271162211,7.43146839479458e-06,0.5524232347424984,0.018085587876615197
no_warmup,99,output,5,0.0009206068103892334,3.8033654811955675e-05,1.2305575487995466,0.02722753913791056
no_warmup,99,output_norm,5,7.89416193739076e-05,3.769689145074947e-06,0.10961090837324447,0.012509683312682526
no_warmup,100,hidden,5,0.0008385490984140299,2.5656284874858122e-05,0.9759653252529754,0.05442315536642495
no_warmup,100,hidden_norm,5,8.195610859554397e-05,5.141379356176201e-06,0.08895129394674169,0.007455565522003001
no_warmup,100,input,5,0.0003282212120332,6.705734993494349e-06,0.550064483802794,0.03787845565345607
no_warmup,100,output,5,0.0009181435804525665,3.3638164358608455e-05,1.2387874799993543,0.08128015741264123
no_warmup,100,output_norm,5,7.864543925530946e-05,4.203492460868775e-06,0.09963812209922764,0.009867391032347794
no_warmup,101,hidden,5,0.0008335022449398601,2.35322917266449e-05,0.9867151324093054,0.0529518213483127
no_warmup,101,hidden_norm,5,8.133921730509974e-05,4.5601936008468776e-06,0.0902893950753711,0.005398219154254142
no_warmup,101,input,5,0.00032735574274842655,7.4209788001912405e-06,0.5570308711116098,0.03792370407089305
no_warmup,101,output,5,0.0009118688571671061,2.9972283490355418e-05,1.253954649016703,0.08621369950263728
no_warmup,101,output_norm,5,7.739955433322146e-05,4.340100479347177e-06,0.10259936080251335,0.014991756554001114
no_warmup,102,hidden,5,0.0008343920267068726,2.10335658157364e-05,0.9726962775094254,0.0317673693425494
no_warmup,102,hidden_norm,5,8.202412708917078e-05,3.93129277701926e-06,0.0913997388130405,0.003102217792459079
no_warmup,102,input,5,0.0003268856066361202,7.1528855752907555e-06,0.5484978157770979,0.02222168520652038
no_warmup,102,output,5,0.0009133134890329395,3.232075917842481e-05,1.231041640659201,0.03207993163505484
no_warmup,102,output_norm,5,7.838942393266978e-05,4.082601790495783e-06,0.10375785597843667,0.005026850445888379
no_warmup,103,hidden,5,0.000829983337928593,2.0443870461597158e-05,0.9653070921552667,0.020560128513625413
no_warmup,103,hidden_norm,5,8.185143714241425e-05,3.6928259242689267e-06,0.09562770064897212,0.0048645455622277215
no_warmup,103,input,5,0.00032534490428817937,9.018346928214833e-06,0.5483437981536472,0.02526576299842821
no_warmup,103,output,5,0.000910367223385736,3.0455797817117528e-05,1.234979252762073,0.046255954456926374
no_warmup,103,output_norm,5,7.793499199642248e-05,3.4128358602192844e-06,0.11682644644784368,0.007011415122758264
no_warmup,104,hidden,5,0.0008290233552421677,1.83023211404599e-05,0.9756884858560205,0.0365442513162967
no_warmup,104,hidden_norm,5,8.226054013474839e-05,3.814495297374918e-06,0.0928378395483507,0.005369908090444387
no_warmup,104,input,5,0.00032461015418216906,7.68140645689865e-06,0.5558641773628594,0.03162393573260152
no_warmup,104,output,5,0.0009085917875676193,2.9089007177714632e-05,1.2319854880386167,0.035484763517027444
no_warmup,104,output_norm,5,7.833975904110609e-05,2.90968226529672e-06,0.10518929782594115,0.004952469482959735
no_warmup,105,hidden,5,0.0008261163826620606,1.7783369377848633e-05,0.9757927999623834,0.028759489302476543
no_warmup,105,hidden_norm,5,8.240284033984925e-05,4.311951144544886e-06,0.09331295846468554,0.005956764543936102
no_warmup,105,input,5,0.00032327611907442816,6.274840771547609e-06,0.5529311808844047,0.017468837803831783
no_warmup,105,output,5,0.0009075910046201062,2.8796927328272395e-05,1.2417448966739164,0.052763497516382964
no_warmup,105,output_norm,5,7.681195004704393e-05,3.6281882851491075e-06,0.10301185872410279,0.009749320503283369
no_warmup,106,hidden,5,0.0008227619640329935,1.7256588399815916e-05,0.9843596710868786,0.04895405792708121
no_warmup,106,hidden_norm,5,8.221549979246836e-05,3.617438861525176e-06,0.09563726422340436,0.007858076052196947
no_warmup,106,input,5,0.00032276079837741535,5.810543881350549e-06,0.5610580767477227,0.018905957233841655
no_warmup,106,output,5,0.0009030941908028192,2.9414927231992023e-05,1.241990702042219,0.0817136700580266
no_warmup,106,output_norm,5,7.737642450626208e-05,2.7754856416056923e-06,0.11212600147974176,0.014084286146479469
no_warmup,107,hidden,5,0.0008213163541133551,1.719660909528588e-05,0.9839387965287155,0.033300469494344856
no_warmup,107,hidden_norm,5,8.296484191440477e-05,2.8846293232013195e-06,0.09252317302839855,0.006011076546137222
no_warmup,107,input,5,0.00032263043617210404,5.406219628244054e-06,0.5636976747118887,0.03082289437093743
no_warmup,107,output,5,0.0009017241777557403,3.616635382905727e-05,1.2433048826841586,0.06374896493641986
no_warmup,107,output_norm,5,7.965195561649002e-05,3.434243947334499e-06,0.11028975893688844,0.011976834543743665
no_warmup,108,hidden,5,0.000821506343204505,1.3317906561951821e-05,0.985820868880823,0.05122388308552429
no_warmup,108,hidden_norm,5,8.26320823633613e-05,2.8988529705959467e-06,0.09761507267848643,0.005983845363722361
no_warmup,108,input,5,0.0003223815675646456,5.679096260181804e-06,0.5580690593755259,0.0388449401069749
no_warmup,108,output,5,0.0009022132331897274,3.4904232948170475e-05,1.2465116245203685,0.025737358969853345
no_warmup,108,output_norm,5,7.854636763364934e-05,3.6887611120834147e-06,0.11380894358092537,0.01157641479340211
no_warmup,109,hidden,5,0.0008173468016559529,1.1345386846618226e-05,0.9496778486009425,0.049818565307827696
no_warmup,109,hidden_norm,5,8.218044635858652e-05,2.321024681662048e-06,0.09005640259517321,0.005673530271351374
no_warmup,109,input,5,0.0003208785989524873,7.5163285333045155e-06,0.547783267543986,0.030941723904925885
no_warmup,109,output,5,0.0008998844200575999,3.2123440299577306e-05,1.2201688659974266,0.06162060095895948
no_warmup,109,output_norm,5,7.971711971021405e-05,3.725322439821945e-06,0.11075027946420102,0.007887087890765077
no_warmup,110,hidden,5,0.0008171651365114305,7.910826093707374e-06,0.976515054412252,0.032213712144511186
no_warmup,110,hidden_norm,5,8.221291563261491e-05,2.0256407540833908e-06,0.09190708429281381,0.004257186436312609
no_warmup,110,input,5,0.00032050819399765654,6.369318243284651e-06,0.5551547832372821,0.028177637138580052
no_warmup,110,output,5,0.0008981837413940373,2.555218116753107e-05,1.2483728277103685,0.03836355772897026
no_warmup,110,output_norm,5,7.98811062231032e-05,3.92357355020205e-06,0.10475099226986798,0.015030824400388726
no_warmup,111,hidden,5,0.0008141301418181385,5.545075113028129e-06,0.9764263426192722,0.022901644915945082
no_warmup,111,hidden_norm,5,8.246402583325704e-05,1.799611670088527e-06,0.08880978645393622,0.006510737776116469
no_warmup,111,input,5,0.000320105121195634,4.06526294964781e-06,0.5579625214051394,0.015002348308152811
no_warmup,111,output,5,0.0008914533241093908,1.9179172648963536e-05,1.229123446134359,0.033320937593934036
no_warmup,111,output_norm,5,7.899199384639281e-05,4.153662113096393e-06,0.10041868277681273,0.011590642493717508
no_warmup,112,hidden,5,0.000810096085006486,6.806713126367037e-06,0.9532462572793904,0.042026585048728964
no_warmup,112,hidden_norm,5,8.234011461689516e-05,1.6689563727921865e-06,0.08942853992380806,0.0074429394934413
no_warmup,112,input,5,0.0003189284956703469,4.900781483170128e-06,0.5478840869608097,0.022676185890008763
no_warmup,112,output,5,0.0008860943192141113,1.9227691423440716e-05,1.21609571397834,0.05203881469559485
no_warmup,112,output_norm,5,7.946929055442393e-05,4.740105413702929e-06,0.1016251414723365,0.007784563629794485
no_warmup,113,hidden,5,0.0008073339271228112,1.0375903332575467e-05,0.9604970299378524,0.03381891518433017
no_warmup,113,hidden_norm,5,8.234274348173055e-05,2.516081395197524e-06,0.09037439056594576,0.005709919765512424
no_warmup,113,input,5,0.00031926770521366213,5.039482858734165e-06,0.5531081753156869,0.024558514866229942
no_warmup,113,output,5,0.0008839562033459222,2.2124872019391605e-05,1.2301266568509397,0.032830975075503165
no_warmup,113,output_norm,5,7.993255481295429e-05,3.3504763083343963e-06,0.10806594143183848,0.01458576422761136
no_warmup,114,hidden,5,0.0008020746145133318,7.4242135511956575e-06,0.947165529250505,0.024606508334363175
no_warmup,114,hidden_norm,5,8.194805830160953e-05,1.6879456129497722e-06,0.0910928963539209,0.007094680493683208
no_warmup,114,input,5,0.00031770326349127764,5.3872432623779566e-06,0.5404204050376057,0.01641611086303878
no_warmup,114,output,5,0.0008784627944081124,2.5116038778686386e-05,1.1964365621732507,0.04344863227283646
no_warmup,114,output_norm,5,7.952531184595246e-05,2.6982953631323433e-06,0.10252254127782656,0.012220774422533115
no_warmup,115,hidden,5,0.0008003916984342243,1.0500236952232025e-05,0.9612061717262392,0.059119412398132655
no_warmup,115,hidden_norm,5,8.151447053190336e-05,2.0825054893485637e-06,0.08971019194318336,0.00877213538802549
no_warmup,115,input,5,0.0003172029071475951,6.930230503183965e-06,0.5460053819901715,0.024375286175344263
no_warmup,115,output,5,0.0008768121696377921,2.3387136145582033e-05,1.2276566628132435,0.07983474229042525
no_warmup,115,output_norm,5,7.963071203451218e-05,2.129679626407307e-06,0.10488667490941166,0.009707147804090406
no_warmup,116,hidden,5,0.0007980005409918576,1.084617671648235e-05,0.9630932286220399,0.0389732719823808
no_warmup,116,hidden_norm,5,8.196160148987253e-05,2.060084974410397e-06,0.0948309311847129,0.008544397258427091
no_warmup,116,input,5,0.0003170530393721287,6.1276104834972545e-06,0.5554704498232683,0.027785858104030114
no_warmup,116,output,5,0.0008752357654050891,2.4290660291839183e-05,1.2325841463652467,0.05456560851200209
no_warmup,116,output_norm,5,7.977982298360937e-05,1.6334504076229996e-06,0.11079126760184169,0.015465053067660299
no_warmup,117,hidden,5,0.0007921086213217769,1.1053781384235431e-05,0.9454701128626212,0.06027785501642142
no_warmup,117,hidden_norm,5,8.173752937779599e-05,2.8877051587066624e-06,0.08866575209507974,0.009385086117891715
no_warmup,117,input,5,0.00031499447825955086,5.0863307476591515e-06,0.5446422390436136,0.03623154121861588
no_warmup,117,output,5,0.0008673400715492125,1.9036333926350664e-05,1.2095300640339874,0.05096832965678551
no_warmup,117,output_norm,5,7.93141594127853e-05,1.4631405120445292e-06,0.1033171972416665,0.01222040329041536
no_warmup,118,hidden,5,0.0007879741992004739,1.4885599284903422e-05,0.94958140845531,0.06291509071538874
no_warmup,118,hidden_norm,5,8.137437039018494e-05,3.526469830673384e-06,0.09299328263902058,0.009714635998422158
no_warmup,118,input,5,0.0003140829298688413,5.699711817917437e-06,0.5438005101923241,0.038164944727084524
no_warmup,118,output,5,0.0008631461073985783,1.8051826931901522e-05,1.201265771388329,0.07349899766238714
no_warmup,118,output_norm,5,7.878420501259088e-05,1.8161013350078867e-06,0.10599104016826119,0.013403844447496269
no_warmup,119,hidden,5,0.0007888203776207564,1.5414984209565245e-05,0.9385503605054849,0.026491535874163936
no_warmup,119,hidden_norm,5,8.063699320547872e-05,3.9007145769119454e-06,0.08469024032318243,0.0027554935714755894
no_warmup,119,input,5,0.00031433900435395986,5.008928072255156e-06,0.5373586947695894,0.012635160167075868
no_warmup,119,output,5,0.0008632354773633376,1.733407204522662e-05,1.198544622601204,0.04681483878634186
no_warmup,119,output_norm,5,7.970036557237699e-05,2.3323666833429847e-06,0.10036465249884255,0.00765892206285007
no_warmup,120,hidden,5,0.0007877883928205112,1.254916074512385e-05,0.9675410909359193,0.04676150609351228
no_warmup,120,hidden_norm,5,8.136900190619838e-05,2.606278418379316e-06,0.09586524640625212,0.011282457842391864
no_warmup,120,input,5,0.0003153634217741841,4.165575917301708e-06,0.5631163886874896,0.027202561014517193
no_warmup,120,output,5,0.0008608951655993396,1.9682988968894007e-05,1.2344347861100378,0.07754715284460792
no_warmup,120,output_norm,5,8.087556776835601e-05,2.6169984813502604e-06,0.11191705579141872,0.014713722931961265
no_warmup,121,hidden,5,0.0007856704310263269,8.928848283373783e-06,0.9351309781575047,0.033467946147823315
no_warmup,121,hidden_norm,5,8.128421930951441e-05,2.764628627830493e-06,0.08612918477135638,0.005990939093823562
no_warmup,121,input,5,0.0003146991372538637,3.8713260352289846e-06,0.5412210795052446,0.01966071653196102
no_warmup,121,output,5,0.0008589710450507199,1.755825559156124e-05,1.1787320130855474,0.037727390731636494
no_warmup,121,output_norm,5,8.028828534487665e-05,2.333286199533527e-06,0.09663138467541792,0.009311611758141566
no_warmup,122,hidden,5,0.000786237269975266,1.0640352951688589e-05,0.9365666069766446,0.04817170048999424
no_warmup,122,hidden_norm,5,8.136933122811162e-05,1.8456907357985303e-06,0.0887815079847227,0.0032629486545039383
no_warmup,122,input,5,0.00031439127405123686,4.711064688531354e-06,0.5384493162751092,0.03712469342906618
no_warmup,122,output,5,0.0008593216956023124,1.664152368079529e-05,1.1815597390780184,0.049873308032108314
no_warmup,122,output_norm,5,8.074373728355498e-05,2.6688681741735896e-06,0.09984008357194735,0.005622842489705655
no_warmup,123,hidden,5,0.000780117237980787,9.770220154561029e-06,0.9294567934706077,0.04840334673659338
no_warmup,123,hidden_norm,5,8.057492444646055e-05,2.1324782282639407e-06,0.09159387835881076,0.0073622336269278214
no_warmup,123,input,5,0.00031168033806399444,6.193543741508653e-06,0.5327288292672033,0.03296525902494469
no_warmup,123,output,5,0.0008542219409812427,1.72914125640867e-05,1.1848093508598023,0.03949114174538971
no_warmup,123,output_norm,5,7.968622296141773e-05,1.6458481729369241e-06,0.10232860708789408,0.005775915480561831
no_warmup,124,hidden,5,0.0007800704727099654,1.2682746818767038e-05,0.9481706458949353,0.030966517341232406
no_warmup,124,hidden_norm,5,8.033681254051722e-05,3.991188619591974e-06,0.08876606182799776,0.008213553650358753
no_warmup,124,input,5,0.0003125565774838701,6.916827024360119e-06,0.5461037688864679,0.026174086101519597
no_warmup,124,output,5,0.0008540159144996128,1.955039313237573e-05,1.1899543650167401,0.03497451388095096
no_warmup,124,output_norm,5,7.851345357717285e-05,2.139520478839142e-06,0.09455026009265328,0.007719701861627011
no_warmup,125,hidden,5,0.0007744664383178334,1.0603941291978788e-05,0.9147718730570332,0.03401103674751996
no_warmup,125,hidden_norm,5,8.007952626272207e-05,3.9336049791979316e-06,0.08941987491248718,0.006035019407461947
no_warmup,125,input,5,0.00031057329692118997,5.997628976179269e-06,0.5248041062564617,0.024312115239682464
no_warmup,125,output,5,0.0008445125890597837,1.949226251619199e-05,1.1516062228625588,0.03954362623923892
no_warmup,125,output_norm,5,7.915806415945709e-05,2.468870677348288e-06,0.10483413099633401,0.006288069623465983
no_warmup,126,hidden,5,0.0007696993569869382,9.172012639125037e-06,0.9288171877360712,0.058676187931175454
no_warmup,126,hidden_norm,5,7.913233243823214e-05,3.4455789235708184e-06,0.08342381392284151,0.006910464441833908
no_warmup,126,input,5,0.00030864226504922007,4.305805560408445e-06,0.5309431024167488,0.029187332445482144
no_warmup,126,output,5,0.0008398064062004222,2.1847997583543833e-05,1.1816892895407491,0.08796952205545325
no_warmup,126,output_norm,5,7.924453044723609e-05,3.0294147222928053e-06,0.09538685841636742,0.008835561064294305
no_warmup,127,hidden,5,0.0007660875705489184,7.793836598726718e-06,0.9200320580907004,0.035900496329521935
no_warmup,127,hidden_norm,5,7.97197615032354e-05,3.1955739170696927e-06,0.08764944926100161,0.004286725466805191
no_warmup,127,input,5,0.00030730666761514744,4.95948726513157e-06,0.5322325246247502,0.028536007460226293
no_warmup,127,output,5,0.0008374816775144143,2.320022396276369e-05,1.1472957533202437,0.05319779868185404
no_warmup,127,output_norm,5,7.851536284461e-05,2.1604980156544757e-06,0.09271918463062229,0.0073788876861683285
no_warmup,128,hidden,5,0.0007700769549597342,6.029808521819529e-06,0.9706706821331117,0.04179013026984209
no_warmup,128,hidden_norm,5,8.044040306500202e-05,2.7491466698744796e-06,0.09433158698614166,0.007739258809472645
no_warmup,128,input,5,0.0003086221920406872,3.901388616359169e-06,0.5531186997785341,0.016777377795029875
no_warmup,128,output,5,0.0008408522874178605,1.7219295296845894e-05,1.2138155800344974,0.03593042075096411
no_warmup,128,output_norm,5,7.858720858585567e-05,2.1094648914343904e-06,0.10534822089856086,0.013364682407264824
no_warmup,129,hidden,5,0.000768287565617699,8.854308363236042e-06,0.9371903134544717,0.0202906727717157
no_warmup,129,hidden_norm,5,7.976469196095238e-05,3.2803490975297034e-06,0.09203462377638782,0.008645369332292223
no_warmup,129,input,5,0.00030785294547437225,4.919121013002782e-06,0.5408722832740774,0.01373943765058802
no_warmup,129,output,5,0.0008354573629087402,1.9680133890394836e-05,1.1726379666250346,0.0327986714093015
no_warmup,129,output_norm,5,7.856509199876529e-05,2.2848283960018514e-06,0.10731344674566441,0.01074092093815589
no_warmup,130,hidden,5,0.0007655366949798272,9.399073296751841e-06,0.9429756273228758,0.03855540194456585
no_warmup,130,hidden_norm,5,8.036340001724589e-05,3.110536564661116e-06,0.09759287357791585,0.013554289500220858
no_warmup,130,input,5,0.0003074660442874082,6.234000208793978e-06,0.543855306030065,0.03219104548830266
no_warmup,130,output,5,0.0008330254040471864,1.8790334207726934e-05,1.1939586537551539,0.05955732208801031
no_warmup,130,output_norm,5,7.884671694190763e-05,3.674060351917119e-06,0.10802156024098397,0.021325157778894273
no_warmup,131,hidden,5,0.0007654904916616394,1.050587751412667e-05,0.9264482018473844,0.05530480033771953
no_warmup,131,hidden_norm,5,8.070753798934837e-05,3.2006578001950504e-06,0.09056116234662344,0.00909413913131481
no_warmup,131,input,5,0.0003073878208736152,6.88056530085208e-06,0.5322408514597164,0.033970922996008214
no_warmup,131,output,5,0.0008323409361915386,2.580085788313774e-05,1.1559120196791446,0.05238304907822916
no_warmup,131,output_norm,5,7.924981805382624e-05,4.583980962258659e-06,0.10320918537902286,0.012247343827046186
no_warmup,132,hidden,5,0.0007642806797618026,1.2563125440330306e-05,0.9343243475433974,0.046959088979044654
no_warmup,132,hidden_norm,5,8.09072631107392e-05,3.0038554930021963e-06,0.0987101448736658,0.0076134334805759785
no_warmup,132,input,5,0.0003081163245646091,6.7881581502693375e-06,0.5474348822935873,0.019002659544530974
no_warmup,132,output,5,0.0008300771120979466,2.281121831875757e-05,1.1820550377418124,0.06324803240427121
no_warmup,132,output_norm,5,7.911167193605818e-05,3.2751355774538927e-06,0.11750378577580531,0.01514113881190148
no_warmup,133,hidden,5,0.0007579328290872958,1.6416961250575835e-05,0.9275346138592301,0.028803374909933278
no_warmup,133,hidden_norm,5,8.028792732353349e-05,2.6271931283809625e-06,0.09362916709133716,0.006014772394226947
no_warmup,133,input,5,0.0003057732439244586,7.96348742817825e-06,0.538943338884373,0.007485508295718205
no_warmup,133,output,5,0.0008233144618514673,2.4330291338178336e-05,1.1656457764989032,0.06117703184951248
no_warmup,133,output_norm,5,7.721414077413068e-05,4.381904982581898e-06,0.09955602092053492,0.009545691113772495
no_warmup,134,hidden,5,0.0007516522531999537,1.7801852467145472e-05,0.9053874402966635,0.02615058708231085
no_warmup,134,hidden_norm,5,7.950000283901023e-05,1.9034539096989208e-06,0.09195248373080964,0.010128008327228205
no_warmup,134,input,5,0.0003032848805187526,5.516804665554925e-06,0.5273392494505662,0.03286856510350463
no_warmup,134,output,5,0.0008219770106422745,2.8173323612114258e-05,1.160993653224967,0.04776381012917127
no_warmup,134,output_norm,5,7.673444867670363e-05,4.223431286277834e-06,0.1028829004398617,0.017469777819798738
no_warmup,135,hidden,5,0.0007502051643248997,1.3198242982012848e-05,0.9201100178247144,0.034674008630887765
no_warmup,135,hidden_norm,5,7.87654090579616e-05,1.5597623191033498e-06,0.08911880829461688,0.0077138363510915985
no_warmup,135,input,5,0.00030327728706582783,3.2433404384368516e-06,0.5327246966887846,0.030478781511218567
no_warmup,135,output,5,0.0008215318797146241,2.230392427708813e-05,1.1730299925423744,0.06166728125758008
no_warmup,135,output_norm,5,7.66110980649813e-05,3.540229243343165e-06,0.10124320838832682,0.008489467326765773
no_warmup,136,hidden,5,0.0007454339427871859,7.170493901417464e-06,0.9093520584547907,0.03733896607770427
no_warmup,136,hidden_norm,5,7.851777268301429e-05,1.05125819820498e-06,0.09116469096772042,0.00802325351509406
no_warmup,136,input,5,0.0003019802056074709,3.94835827060947e-06,0.5320807940316966,0.03251426672395434
no_warmup,136,output,5,0.0008161243470957179,1.900941000260737e-05,1.1312969370423085,0.021134681346084053
no_warmup,136,output_norm,5,7.561739275639746e-05,4.474183513933902e-06,0.09571764468307326,0.00995143265061515
no_warmup,137,hidden,5,0.000745941371280842,1.8462174819360565e-06,0.9112009474735462,0.03080441884363572
no_warmup,137,hidden_norm,5,7.882823452233933e-05,1.8359531320884977e-06,0.09350707266426608,0.009686097387491216
no_warmup,137,input,5,0.00030145914701048074,3.92361381916894e-06,0.5305058017911446,0.020269278032252095
no_warmup,137,output,5,0.0008160956780250474,1.5069325430223165e-05,1.147834897076695,0.01346751853312534
no_warmup,137,output_norm,5,7.715029441400276e-05,3.336094355709063e-06,0.10877040812419012,0.014795031450411179
no_warmup,138,hidden,5,0.0007437568943637473,6.3956898585755545e-06,0.9005844011785769,0.04206368118020926
no_warmup,138,hidden_norm,5,7.865911178870177e-05,2.5836539562874887e-06,0.08926383686595309,0.008091681375328265
no_warmup,138,input,5,0.0003000165907564141,3.7787866808963825e-06,0.521965503845943,0.028609349013433573
no_warmup,138,output,5,0.0008129879732548765,1.3047858177133355e-05,1.114107927154363,0.05489001243947701
no_warmup,138,output_norm,5,7.679823821220654e-05,2.217669681125839e-06,0.1011171783989939,0.009593727104369749
no_warmup,139,hidden,5,0.0007429310456566201,1.213646409716405e-05,0.91725638530304,0.052427815671437554
no_warmup,139,hidden_norm,5,7.793356632960172e-05,2.1866295549558206e-06,0.0891402618918609,0.008456434441600272
no_warmup,139,input,5,0.0002992748736812498,3.5553448162001395e-06,0.533640251493894,0.03288830363694636
no_warmup,139,output,5,0.0008124065128283184,1.1756352348515191e-05,1.1411629317015979,0.0460080253135211
no_warmup,139,output_norm,5,7.604308672712917e-05,3.058002234054505e-06,0.10000982569204431,0.011641161555530645
no_warmup,140,hidden,5,0.0007386447828545976,1.2920708002085007e-05,0.8975835935935959,0.046306677883450734
no_warmup,140,hidden_norm,5,7.722511475163089e-05,1.8322756784579393e-06,0.08854959692079951,0.0042225225266253885
no_warmup,140,input,5,0.0002979549859734392,3.714943141886833e-06,0.5206683191638819,0.026688233604349042
no_warmup,140,output,5,0.0008074717607861387,1.934636703425703e-05,1.1224898713108078,0.06782786647098323
no_warmup,140,output_norm,5,7.506142392167725e-05,3.041621508214263e-06,0.09956299769129547,0.010677595899416623
no_warmup,141,hidden,5,0.0007358499897521905,1.4969422179611488e-05,0.8921606307679358,0.040386298705450366
no_warmup,141,hidden_norm,5,7.687729701872357e-05,2.638055645018278e-06,0.08507380397723488,0.0069003178630430385
no_warmup,141,input,5,0.0002970975605993234,3.442953822932047e-06,0.5185569169673115,0.0265224579070233
no_warmup,141,output,5,0.0008031452011104029,8.372030966224409e-06,1.1180228921666764,0.045630296728070965
no_warmup,141,output_norm,5,7.459786097476187e-05,2.22928652835404e-06,0.09473018762434601,0.010316847670687922
no_warmup,142,hidden,5,0.000730966630171951,1.1763715521188337e-05,0.9056967634177179,0.03461681554361858
no_warmup,142,hidden_norm,5,7.59806041219795e-05,2.1476385322647626e-06,0.0909652937516496,0.009108321205597835
no_warmup,142,input,5,0.00029726348125070674,2.6407184500868283e-06,0.5344520449834996,0.020528821444635387
no_warmup,142,output,5,0.0007977627974823478,1.0062124241938978e-05,1.138668076709504,0.047581319075786
no_warmup,142,output_norm,5,7.445185502725991e-05,3.5649068352186652e-06,0.106063141751221,0.010337102723535552
no_warmup,143,hidden,5,0.0007288491897758925,1.0300005709965915e-05,0.8895055724464186,0.049597534368960625
no_warmup,143,hidden_norm,5,7.559966093013391e-05,2.403666652463214e-06,0.08792365169728289,0.002817750875768738
no_warmup,143,input,5,0.00029651408670958423,3.581415680800882e-06,0.5189174063671342,0.028645308930490658
no_warmup,143,output,5,0.0007957868697307724,1.0277219473773067e-05,1.1275906654260395,0.058011867289673696
no_warmup,143,output_norm,5,7.446755161005152e-05,2.7859749955199056e-06,0.09732190004079495,0.007805728118923118
no_warmup,144,hidden,5,0.0007285050626518515,9.22013183378097e-06,0.9136197299581486,0.047591554777757346
no_warmup,144,hidden_norm,5,7.554478846372277e-05,2.36122171667026e-06,0.08656625234247317,0.004721933927338884
no_warmup,144,input,5,0.0002962455465743282,4.7509533270709785e-06,0.5281758319588192,0.023960957372413428
no_warmup,144,output,5,0.0007947509750153573,1.2878500148147328e-05,1.1290273983128536,0.050805275768352906
no_warmup,144,output_norm,5,7.460472996723593e-05,1.7229735458697007e-06,0.09583388875382978,0.008047785750524217
no_warmup,145,hidden,5,0.0007235402601894497,1.072104715623174e-05,0.8762834905752692,0.015994207804531584
no_warmup,145,hidden_norm,5,7.523331164621315e-05,2.8934491342805723e-06,0.08973104500116455,0.00585791077877381
no_warmup,145,input,5,0.0002947213886313548,3.3645802750398928e-06,0.519704901404819,0.02221201955369046
no_warmup,145,output,5,0.0007894908174731916,1.793764378363566e-05,1.0949639349205416,0.03473181887876385
no_warmup,145,output_norm,5,7.462694447516136e-05,2.7812314115933977e-06,0.10070058547856531,0.007096979660318262
no_warmup,146,hidden,5,0.0007209250905243315,1.1772609783059845e-05,0.9006157227079175,0.02336374316294658
no_warmup,146,hidden_norm,5,7.523149350032662e-05,2.987961655069487e-06,0.09480616650767915,0.008716420158803499
no_warmup,146,input,5,0.00029446168034058827,3.997093209178523e-06,0.5321024289400242,0.019726687023161472
no_warmup,146,output,5,0.0007841095761617562,1.9331220879658685e-05,1.1086267362023958,0.030885331123337398
no_warmup,146,output_norm,5,7.349932826384922e-05,1.5411307429542219e-06,0.1055260008498364,0.0125945539026057
no_warmup,147,hidden,5,0.0007164326923177952,1.437459483342971e-05,0.9097750189368513,0.015290260743964357
no_warmup,147,hidden_norm,5,7.395201717413786e-05,3.4420722606979566e-06,0.09099356230514295,0.00792947004515872
no_warmup,147,input,5,0.0002938008935424458,4.209545845934326e-06,0.5417292396715879,0.012140083294983247
no_warmup,147,output,5,0.0007777606439881711,2.0123750555688168e-05,1.1282231592378775,0.03938844909681877
no_warmup,147,output_norm,5,7.31641679625152e-05,1.6485059173592808e-06,0.10214192459514763,0.010729363404130186
no_warmup,148,hidden,5,0.0007153093842909405,1.5508996661195378e-05,0.9135572787562127,0.020286088946618267
no_warmup,148,hidden_norm,5,7.4555948289161e-05,3.6348792575291264e-06,0.09413504701927027,0.0052094641811145015
no_warmup,148,input,5,0.0002934806378893638,5.138255038793946e-06,0.5368683596318434,0.011572059373634548
no_warmup,148,output,5,0.0007765214157382925,2.3793285368587238e-05,1.1477240478741764,0.06623039080679935
no_warmup,148,output_norm,5,7.409729854752332e-05,2.3344082270134123e-06,0.1060717542301977,0.006345382326300284
no_warmup,149,hidden,5,0.0007126382408010363,1.1701127911351358e-05,0.8941658490197539,0.038327016986214595
no_warmup,149,hidden_norm,5,7.40440518166388e-05,3.6397011044731893e-06,0.08789536519574184,0.005164473072036498
no_warmup,149,input,5,0.0002934685896272681,3.372372096664276e-06,0.5329162483127865,0.02109895181287109
no_warmup,149,output,5,0.0007719442623094152,2.119503356621106e-05,1.1023226274805196,0.050566171223912666
no_warmup,149,output_norm,5,7.465501587276669e-05,2.2015955294421453e-06,0.09678867146033379,0.009011121921493764
no_warmup,150,hidden,5,0.00071661428427917,1.5480317901450025e-05,0.9326849329737724,0.016977254177920047
no_warmup,150,hidden_norm,5,7.6118234359369e-05,4.0526224386352495e-06,0.10262270271307965,0.010277686080285382
no_warmup,150,input,5,0.0002950027201694602,4.751478483713893e-06,0.5482033923358264,0.013653231132127672
no_warmup,150,output,5,0.0007762038987223939,2.439535875946639e-05,1.1636422446604116,0.055778329566516495
no_warmup,150,output_norm,5,7.552114879835145e-05,4.8526836642968564e-06,0.11131224274417643,0.01510217431811261
no_warmup,151,hidden,5,0.0007141405957254708,1.3685977880775846e-05,0.9198935989350042,0.052758308258186434
no_warmup,151,hidden_norm,5,7.536632290340158e-05,2.6718067295196608e-06,0.09566577194021178,0.016696469550060492
no_warmup,151,input,5,0.0002950252980445902,5.682724588880215e-06,0.5419314970309463,0.03981829609494966
no_warmup,151,output,5,0.0007709939080407233,2.0975114499594293e-05,1.1471750278749373,0.06453281316481146
no_warmup,151,output_norm,5,7.351859338623667e-05,4.077258080758418e-06,0.1077716243456596,0.019117908073292084
no_warmup,152,hidden,5,0.00071381816282671,1.560034738638579e-05,0.9056376603873139,0.05901559450695761
no_warmup,152,hidden_norm,5,7.69633579680089e-05,4.088501044491365e-06,0.08975429097301192,0.01005761935885139
no_warmup,152,input,5,0.00029479902701244664,6.3955271174122315e-06,0.5263132972479354,0.027207561333372578
no_warmup,152,output,5,0.0007708491343575905,1.9278472960843074e-05,1.1139631741739204,0.06766656652402035
no_warmup,152,output_norm,5,7.518064460303655e-05,5.152059066517029e-06,0.09762802911029193,0.014440685579490081
no_warmup,153,hidden,5,0.0007102830788076162,1.2221694261313742e-05,0.890531983838826,0.029757523092716117
no_warmup,153,hidden_norm,5,7.609503710934139e-05,3.0046239957111065e-06,0.08980852681695593,0.009764321664422426
no_warmup,153,input,5,0.00029361357744865646,5.061532826884731e-06,0.524327582638451,0.02994201100023341
no_warmup,153,output,5,0.000769032960278863,1.9511286553638084e-05,1.102924440628757,0.04188625741031909
no_warmup,153,output_norm,5,7.466058609913416e-05,3.747807885165504e-06,0.10083694003519891,0.0162490744313748
no_warmup,154,hidden,5,0.0007088670939980887,6.8214966525028224e-06,0.894067521592538,0.04505709276878059
no_warmup,154,hidden_norm,5,7.59379358787672e-05,3.2454029315540494e-06,0.09148931637072077,0.0075741054644092335
no_warmup,154,input,5,0.0002938095951958302,4.676251280749703e-06,0.526143428603657,0.034619514098786254
no_warmup,154,output,5,0.0007656414416480703,1.553846358305375e-05,1.0986494640466775,0.06121508085021302
no_warmup,154,output_norm,5,7.412985652629087e-05,3.0021209819982772e-06,0.10144893966827455,0.009085331615897894
no_warmup,155,hidden,5,0.0007059195267016213,1.2249479816011017e-05,0.8809451283375426,0.03559869913437122
no_warmup,155,hidden_norm,5,7.597400985226042e-05,2.3609276699472234e-06,0.08286692174095586,0.005767447140763133
no_warmup,155,input,5,0.0002933782585728824,3.0923715304644884e-06,0.5225592115454366,0.026338931439952324
no_warmup,155,output,5,0.0007617070708270812,1.6165001179293834e-05,1.0877937389298165,0.0377637526950541
no_warmup,155,output_norm,5,7.453737849720063e-05,2.2892453576218223e-06,0.09092974156013696,0.007722474484013397
no_warmup,156,hidden,5,0.000701423211848794,9.21987992727473e-06,0.8636271934857309,0.028693637443325554
no_warmup,156,hidden_norm,5,7.575623358180598e-05,3.0385929518359287e-06,0.08538294085890755,0.006510199976558243
no_warmup,156,input,5,0.00029129055606732786,4.375314638520432e-06,0.5026256859496028,0.02214399118015357
no_warmup,156,output,5,0.0007573339920355891,1.6198931223087804e-05,1.074172751002271,0.03595132642607187
no_warmup,156,output_norm,5,7.421322314568684e-05,1.0043530337160497e-06,0.08918476197213925,0.010374853075586856
no_warmup,157,hidden,5,0.0006997406349819906,9.399868695911194e-06,0.9064377960749723,0.03362604049085582
no_warmup,157,hidden_norm,5,7.58229544993942e-05,2.727257093306565e-06,0.09623202016975389,0.0050901916530294855
no_warmup,157,input,5,0.0002909217724453494,4.173766297816209e-06,0.5342501830544348,0.03107892505585414
no_warmup,157,output,5,0.0007566904652521478,1.6810370258909012e-05,1.1347985209999414,0.03754621417092283
no_warmup,157,output_norm,5,7.390443519221843e-05,2.4686271501109126e-06,0.10585721302141186,0.006731120838122861
no_warmup,158,hidden,5,0.0007035202102500419,1.015805434765193e-05,0.9094751425985166,0.01966385747878924
no_warmup,158,hidden_norm,5,7.604080343545067e-05,3.9805493603644585e-06,0.09157502782166478,0.002895713327278973
no_warmup,158,input,5,0.0002926243358205622,3.3261695832100615e-06,0.5397099664665653,0.008475278621699155
no_warmup,158,output,5,0.000760116081349556,1.9373093499252922e-05,1.1153844868032905,0.022855031283102515
no_warmup,158,output_norm,5,7.338533664274965e-05,3.7077408148382498e-06,0.09435636568932967,0.010641812989955528
no_warmup,159,hidden,5,0.0007012834755931839,1.3722881723378956e-05,0.8653101330477828,0.06860673513268073
no_warmup,159,hidden_norm,5,7.68548631370618e-05,4.281547501748008e-06,0.08948115284600873,0.014707896663001678
no_warmup,159,input,5,0.0002920023382311092,4.164579103108477e-06,0.5109477009150555,0.038402905122663616
no_warmup,159,output,5,0.0007586090913789316,2.0727340585116465e-05,1.0787909000939733,0.08346986068317828
no_warmup,159,output_norm,5,7.429096534489022e-05,2.4516359421156455e-06,0.09888200087138169,0.020509666895873784
no_warmup,160,hidden,5,0.0006991546177758314,1.23414743870379e-05,0.8768411294203012,0.024260860733036724
no_warmup,160,hidden_norm,5,7.67664682870169e-05,4.244947005388636e-06,0.09442133474645593,0.015183101929072676
no_warmup,160,input,5,0.00029072054837007603,4.531954024733117e-06,0.5209315871564956,0.017812078537806218
no_warmup,160,output,5,0.0007538721203891867,1.7416215170964116e-05,1.066339646467733,0.05213233041133012
no_warmup,160,output_norm,5,7.484767669567436e-05,3.868013027303317e-06,0.10495256100438502,0.02695145278790401
no_warmup,161,hidden,5,0.0007017797187848288,1.1613532308296785e-05,0.8767361325090741,0.02942993919285485
no_warmup,161,hidden_norm,5,7.617120737059875e-05,4.055631980923953e-06,0.08312599680227946,0.003262668778514025
no_warmup,161,input,5,0.00029168381649193845,3.7758073376543107e-06,0.5198939358877679,0.020395705552305674
no_warmup,161,output,5,0.0007550018176720598,1.4941275218441661e-05,1.0767751696262462,0.03578850386375868
no_warmup,161,output_norm,5,7.361063709511432e-05,2.586341279810959e-06,0.09026404350212872,0.007138201410964748
no_warmup,162,hidden,5,0.0007032945047124783,9.412194301819912e-06,0.8765267614933296,0.033261445559204995
no_warmup,162,hidden_norm,5,7.769393903764693e-05,3.555208334900438e-06,0.08908053921468648,0.003824921138731927
no_warmup,162,input,5,0.00029155154046082635,3.280471537386387e-06,0.5181758138398825,0.025008048969537944
no_warmup,162,output,5,0.000754622023823536,4.761115499563747e-06,1.0839989177490303,0.03811387282970628
no_warmup,162,output_norm,5,7.51965079473553e-05,1.830152456822026e-06,0.09625351818384897,0.009752448289973454
no_warmup,163,hidden,5,0.0006980087452988356,1.1201914699503943e-05,0.8694822719727708,0.08977499464915127
no_warmup,163,hidden_norm,5,7.640744997100886e-05,4.251692633727516e-06,0.08300663456889042,0.008180563801543009
no_warmup,163,input,5,0.00029065593932758025,4.382996651361154e-06,0.5195404341231408,0.06098498993529839
no_warmup,163,output,5,0.0007490827902254425,6.3087457024678885e-06,1.0825306519579578,0.07452024859698815
no_warmup,163,output_norm,5,7.422540743968328e-05,3.656247670541433e-06,0.0920291880914247,0.009828492664458174
no_warmup,164,hidden,5,0.0006997220018784199,1.1954173650036088e-05,0.8858708911691148,0.0294873100714945
no_warmup,164,hidden_norm,5,7.602338362465061e-05,4.358209026162518e-06,0.0868636392633283,0.0044195668480619755
no_warmup,164,input,5,0.0002919360770773578,3.564696084226768e-06,0.5258490944855632,0.01557426506224381
no_warmup,164,output,5,0.0007466862390065873,3.3238210653806497e-06,1.0941546412705765,0.02838329632462312
no_warmup,164,output_norm,5,7.473950130886945e-05,4.350811364280537e-06,0.09872532217974646,0.004875469888553167
no_warmup,165,hidden,5,0.0006991641342443787,8.355000706269748e-06,0.8740500931799204,0.061118903961714856
no_warmup,165,hidden_norm,5,7.503817111543807e-05,4.7521844817224165e-06,0.09064507194126765,0.017699123827913023
no_warmup,165,input,5,0.00029140251687066434,3.74534045595391e-06,0.5214700647861442,0.03595498083062715
no_warmup,165,output,5,0.0007457504865341974,6.364210353981261e-06,1.0869612580764965,0.08269896892142856
no_warmup,165,output_norm,5,7.466091176297325e-05,4.667782624170049e-06,0.1006455615000628,0.015853746835741183
no_warmup,166,hidden,5,0.0006945578012128087,9.984970716022908e-06,0.8596342642475105,0.03576981402632405
no_warmup,166,hidden_norm,5,7.54167090336536e-05,4.406814064662257e-06,0.08732957919096332,0.009936071826032851
no_warmup,166,input,5,0.0002889283364887202,3.3450729983634217e-06,0.5054864000523362,0.027764207609175882
no_warmup,166,output,5,0.000742413948105566,8.434247084178487e-06,1.0483838362140072,0.04679402002207592
no_warmup,166,output_norm,5,7.511949991224362e-05,4.359428061052189e-06,0.09900958519799812,0.00748867962271054
no_warmup,167,hidden,5,0.0006894614649244006,1.4004088080781074e-05,0.8770847411603621,0.03699082168529279
no_warmup,167,hidden_norm,5,7.404883755737185e-05,4.7664542228271185e-06,0.08688943717944535,0.005517318125481907
no_warmup,167,input,5,0.0002866128397859845,3.0939175958716068e-06,0.5225126483819565,0.02087609882326766
no_warmup,167,output,5,0.0007345719427089374,1.4923350334703412e-05,1.0714136371033218,0.04061711476021258
no_warmup,167,output_norm,5,7.316411394644374e-05,6.374829839721328e-06,0.09684985908277761,0.007652230821950261
no_warmup,168,hidden,5,0.0006870562413780755,1.0459525837397513e-05,0.8752603846905398,0.03857700097534616
no_warmup,168,hidden_norm,5,7.4145457248605e-05,4.580592996539002e-06,0.08810853322220999,0.005013651942348908
no_warmup,168,input,5,0.0002867894473762684,4.501510845484081e-06,0.52139604910264,0.029074147136991434
no_warmup,168,output,5,0.0007326567118001641,1.4143006779245793e-05,1.0723894629831396,0.04003804366967781
no_warmup,168,output_norm,5,7.283520608545578e-05,6.268656475092148e-06,0.09258039008801996,0.007846381588182962
no_warmup,169,hidden,5,0.0006829481407161475,9.745206227222366e-06,0.8594413363528913,0.04969571221574137
no_warmup,169,hidden_norm,5,7.397375344263049e-05,4.800807720676908e-06,0.089279715423795,0.004530835570463791
no_warmup,169,input,5,0.0002844641770973741,4.642427923524097e-06,0.5083790869065197,0.03279444773106477
no_warmup,169,output,5,0.000729837541924503,1.487668127126363e-05,1.0715966623219588,0.058878616624850034
no_warmup,169,output_norm,5,7.287164245777969e-05,7.046165824624405e-06,0.09627109729506972,0.005399384194616985
no_warmup,170,hidden,5,0.0006810702974170958,7.24887444351697e-06,0.8850356831894051,0.02643618571801173
no_warmup,170,hidden_norm,5,7.426159032399302e-05,5.0715821454879585e-06,0.08554071126817686,0.00904288194073922
no_warmup,170,input,5,0.00028462675358053457,4.824574319088152e-06,0.5251149166440789,0.013521183665898611
no_warmup,170,output,5,0.0007274656454188638,1.4756867304925977e-05,1.0808378358164155,0.0326255175052616
no_warmup,170,output_norm,5,7.362025121790622e-05,7.231647588245673e-06,0.0915685068515226,0.009277485793989163
no_warmup,171,hidden,5,0.0006795129267136587,7.368063715758662e-06,0.8649505673378926,0.017071275541490835
no_warmup,171,hidden_norm,5,7.379525227998256e-05,4.192652688260962e-06,0.08738306299399264,0.005711263398840817
no_warmup,171,input,5,0.00028326593596837284,4.733793567479494e-06,0.5079031458565335,0.015604217646136443
no_warmup,171,output,5,0.0007324266824844379,1.457242830517339e-05,1.0838130739231293,0.012426877621028166
no_warmup,171,output_norm,5,7.323772021410965e-05,5.8321345727014696e-06,0.09504502120171801,0.006753233274085554
no_warmup,172,hidden,5,0.0006753523256457335,3.6628723571897766e-06,0.8655266707125989,0.042175570290001844
no_warmup,172,hidden_norm,5,7.390975669987451e-05,3.922141525336095e-06,0.08937097622446614,0.007777546470336778
no_warmup,172,input,5,0.0002818592009366884,3.876930483496367e-06,0.5161529884093915,0.019925372197484834
no_warmup,172,output,5,0.0007271922854177873,1.605828755161364e-05,1.0659146989883548,0.03717165781362628
no_warmup,172,output_norm,5,7.365964695305147e-05,5.3030141952729e-06,0.1017798637178379,0.012309199255343076
no_warmup,173,hidden,5,0.0006776119373044282,7.003194288715624e-06,0.8785175609900238,0.05231330490454161
no_warmup,173,hidden_norm,5,7.413298342505309e-05,4.401942926516664e-06,0.08879258370613936,0.009993333820028823
no_warmup,173,input,5,0.00028273564400596075,5.013770070642068e-06,0.5263380346105273,0.033124999730596565
no_warmup,173,output,5,0.0007276210932962797,1.3426986742434452e-05,1.0808709495048567,0.05733099320718375
no_warmup,173,output_norm,5,7.386497428589557e-05,3.7110782027936235e-06,0.09846565962192419,0.017069706058662627
no_warmup,174,hidden,5,0.0006779190408141854,4.894003546473115e-06,0.8556183342884701,0.04334596634147509
no_warmup,174,hidden_norm,5,7.299864237536314e-05,4.36036375178936e-06,0.08377126694292113,0.00513259029999348
no_warmup,174,input,5,0.0002827691340750445,5.365658811419223e-06,0.5150593328994681,0.03027575580277838
no_warmup,174,output,5,0.0007268122170028739,1.5457354912396606e-05,1.0450637713212332,0.02197892317987503
no_warmup,174,output_norm,5,7.28227595025829e-05,3.899603685212103e-06,0.0924303024498348,0.004087101387549173
no_warmup,175,hidden,5,0.0006736351400505553,7.879557554135084e-06,0.8554062916178742,0.03780600306295002
no_warmup,175,hidden_norm,5,7.311158606669395e-05,3.9405889257518124e-06,0.08708952342758502,0.012216631127265688
no_warmup,175,input,5,0.0002811211594290593,6.5042963764870635e-06,0.5135101816272691,0.028925173866643197
no_warmup,175,output,5,0.0007241962662627433,1.7020208353161628e-05,1.053727821808633,0.04728013433703491
no_warmup,175,output_norm,5,7.268153909337433e-05,2.6194344305781915e-06,0.09535660029137998,0.01027317165696459
no_warmup,176,hidden,5,0.0006692488252493287,7.889232966407389e-06,0.8610051609835176,0.03281350445922607
no_warmup,176,hidden_norm,5,7.211101085191579e-05,3.5186889940890795e-06,0.08916857717032708,0.003768990515555667
no_warmup,176,input,5,0.000279693418949133,6.202351633046421e-06,0.521621639534801,0.031689740344057395
no_warmup,176,output,5,0.0007212279025871319,2.3597804228281916e-05,1.0576941230448045,0.025317740605947645
no_warmup,176,output_norm,5,7.25961314559866e-05,3.5268930595258524e-06,0.09959544426081636,0.00706732070424268
no_warmup,177,hidden,5,0.0006658458675196724,8.172211957834096e-06,0.8445312523122958,0.023194544028632056
no_warmup,177,hidden_norm,5,7.192406902270252e-05,2.627267364170495e-06,0.08891892442079267,0.006769300301070022
no_warmup,177,input,5,0.0002794380525923151,6.035322004437648e-06,0.5151755057167655,0.01830736281944496
no_warmup,177,output,5,0.0007179570502528051,2.2732292537865577e-05,1.0591006850066418,0.04368738306013301
no_warmup,177,output_norm,5,7.264873180358188e-05,2.3142497489678946e-06,0.10259259694748349,0.007604939158211302
no_warmup,178,hidden,5,0.0006669882044149558,6.728534035298075e-06,0.8720745664830591,0.04802585264506193
no_warmup,178,hidden_norm,5,7.061745573936663e-05,3.148375914736062e-06,0.09252493599156568,0.008028472581990583
no_warmup,178,input,5,0.0002801591713858024,5.713634574913473e-06,0.5234397983987089,0.03342275070655386
no_warmup,178,output,5,0.0007177597434143637,2.1153232992724163e-05,1.0732601407912556,0.05679457484911154
no_warmup,178,output_norm,5,7.221518375288015e-05,2.266835023814206e-06,0.10289983743817169,0.010162570272763901
no_warmup,179,hidden,5,0.0006637641071602461,7.715703059920545e-06,0.8387388766282262,0.028378406838537523
no_warmup,179,hidden_norm,5,7.052700776009248e-05,3.596434841786571e-06,0.08764549712779413,0.008522089771348065
no_warmup,179,input,5,0.0002786608609461647,6.177004865529127e-06,0.4988066991530715,0.022969429107537968
no_warmup,179,output,5,0.0007148460530517678,2.0689913174842314e-05,1.0289597696523025,0.030328259654171064
no_warmup,179,output_norm,5,7.191191727409992e-05,3.0230138019972586e-06,0.09242683253191665,0.014954086779512904
no_warmup,180,hidden,5,0.0006601723169110717,9.755539441116226e-06,0.858124922113707,0.027422051352192098
no_warmup,180,hidden_norm,5,7.049006706177361e-05,5.395309462992516e-06,0.09031184251475523,0.011071251221930563
no_warmup,180,input,5,0.0002771059098468991,6.572233622257934e-06,0.517605365791775,0.02262515692390796
no_warmup,180,output,5,0.0007100121979788969,2.0096148867221476e-05,1.0586935481871946,0.02917403996637837
no_warmup,180,output_norm,5,7.122760745016711e-05,3.831731267978981e-06,0.09718772255740674,0.0164665703632548
no_warmup,181,hidden,5,0.0006623383744545305,6.498679761936415e-06,0.8835882875651933,0.027562522338525318
no_warmup,181,hidden_norm,5,7.131458811735942e-05,4.090977642426949e-06,0.08977852683851255,0.006804850079617258
no_warmup,181,input,5,0.000277529873610386,5.6579729640323605e-06,0.5263090238086526,0.017148701024644605
no_warmup,181,output,5,0.0007114926174947654,1.8623818795720317e-05,1.062457930095363,0.03252990632674537
no_warmup,181,output_norm,5,7.16135129202163e-05,3.955415262443133e-06,0.0992689378131961,0.008144829168786638
no_warmup,182,hidden,5,0.0006613949583695976,6.236285479787162e-06,0.8845950827972757,0.03169342851612743
no_warmup,182,hidden_norm,5,7.103969642599066e-05,3.2592277401348137e-06,0.09364319955812558,0.010237347455696126
no_warmup,182,input,5,0.00027753049113226106,5.9937806199027146e-06,0.5356614955307327,0.018416781713164968
no_warmup,182,output,5,0.0007097093190343175,2.1944422212337624e-05,1.0759636071448269,0.057501533124356276
no_warmup,182,output_norm,5,7.054408847635201e-05,3.3756395854782728e-06,0.10052901836000802,0.011237047189844312
no_warmup,183,hidden,5,0.0006608009015964342,7.110883397200516e-06,0.8554544948879084,0.01963765429820609
no_warmup,183,hidden_norm,5,7.167514329579805e-05,3.0101419055434615e-06,0.08189439019659943,0.0022850402414892027
no_warmup,183,input,5,0.00027783977955897504,5.701668124390317e-06,0.5208462854307262,0.018143143848479485
no_warmup,183,output,5,0.0007093423197502878,2.492430439550794e-05,1.0371637490729166,0.0464784097959086
no_warmup,183,output_norm,5,7.099876083109123e-05,4.0886271903614254e-06,0.08293303428800043,0.007265929247183873
no_warmup,184,hidden,5,0.0006600653193722971,6.335582608119787e-06,0.8448794527391804,0.020407400855594466
no_warmup,184,hidden_norm,5,7.038662217509362e-05,2.2324843926805837e-06,0.0797916751174619,0.0041252297133594976
no_warmup,184,input,5,0.00027769481088151654,5.711677625332209e-06,0.5072018059575207,0.024226505046153715
no_warmup,184,output,5,0.0007104153612819538,2.325108002421466e-05,1.0393148926452962,0.03223581702070083
no_warmup,184,output_norm,5,6.973999497130836e-05,3.469279296203729e-06,0.08587164723379835,0.008806298743699226
no_warmup,185,hidden,5,0.0006595976610768336,8.043901155196657e-06,0.8408254980161963,0.04694600379068677
no_warmup,185,hidden_norm,5,7.100248795820925e-05,2.58622888656175e-06,0.08498955138440727,0.013309003157972621
no_warmup,185,input,5,0.0002766910525125611,5.637502224914433e-06,0.502090747427222,0.028536927481338018
no_warmup,185,output,5,0.0007097308251955055,2.6357247911185438e-05,1.0209551692585994,0.0369741326134221
no_warmup,185,output_norm,5,7.067462922735338e-05,3.948404614591381e-06,0.09013481027905375,0.011854583584389863
no_warmup,186,hidden,5,0.0006600204665610773,5.873332678228591e-06,0.860829228339588,0.046441469734991164
no_warmup,186,hidden_norm,5,7.020992518540442e-05,1.83869436265981e-06,0.08986301305829145,0.004875250047434046
no_warmup,186,input,5,0.00027685783031939916,4.5486535829878095e-06,0.5199052969536192,0.02984986896128436
no_warmup,186,output,5,0.0007091557095183209,2.331284164551526e-05,1.076402132118202,0.056189181467811024
no_warmup,186,output_norm,5,7.081814848890811e-05,3.171839173562888e-06,0.0997153426994193,0.010346604257599257
no_warmup,187,hidden,5,0.0006580457881593543,4.365700125211746e-06,0.8356260407484974,0.0387120267104923
no_warmup,187,hidden_norm,5,7.105636191033042e-05,2.870163624450896e-06,0.08881693884973096,0.014285751171849114
no_warmup,187,input,5,0.0002764402894949523,2.1274597664426454e-06,0.5033047023718666,0.034773460222397065
no_warmup,187,output,5,0.0007081673943462073,2.2901513428202195e-05,1.022449219207622,0.04112385012348968
no_warmup,187,output_norm,5,7.117928602375826e-05,2.916190351198022e-06,0.09572933087189847,0.015472160721186552
no_warmup,188,hidden,5,0.0006551939117654729,3.880147164451434e-06,0.862475827329637,0.03524110211701365
no_warmup,188,hidden_norm,5,7.211191244104145e-05,3.0910019576932308e-06,0.09444817768408761,0.015951858602343993
no_warmup,188,input,5,0.00027606273645931973,2.784502500792445e-06,0.5254116815637764,0.029337490797713757
no_warmup,188,output,5,0.000702682052480966,1.938794838383009e-05,1.035599466619858,0.03324759672189656
no_warmup,188,output_norm,5,7.190505331619706e-05,3.544338366751547e-06,0.0980515493131286,0.016975508670402487
no_warmup,189,hidden,5,0.0006546407925058046,8.433387479599009e-06,0.8482759402078288,0.02748403591048781
no_warmup,189,hidden_norm,5,7.308311383140396e-05,3.5339744637883164e-06,0.08880694538550099,0.004550140593528643
no_warmup,189,input,5,0.00027525986405586047,3.1415651049268e-06,0.5136381151116971,0.02045512429333114
no_warmup,189,output,5,0.000705227103549806,2.748279401318337e-05,1.0363683965284038,0.022927475433445643
no_warmup,189,output_norm,5,7.259838490260401e-05,4.39247511178877e-06,0.10002506609308182,0.005802227591109865
no_warmup,190,hidden,5,0.0006530980042282198,8.929497662169169e-06,0.8452833883323763,0.028412615644407526
no_warmup,190,hidden_norm,5,7.192790369295284e-05,2.760893062843626e-06,0.08049926944580724,0.003382741822872471
no_warmup,190,input,5,0.00027388708902236495,3.5049756798129855e-06,0.5041864729030548,0.026458306082711772
no_warmup,190,output,5,0.0007039787507039768,2.9722413155927487e-05,1.0277306094309437,0.043662471861491386
no_warmup,190,output_norm,5,7.11442144057057e-05,3.385833856102558e-06,0.08455823145679907,0.006712134603620359
no_warmup,191,hidden,5,0.0006534061134181096,8.874008712521639e-06,0.8391204939142167,0.04011686907741659
no_warmup,191,hidden_norm,5,7.090490444349159e-05,2.1539416417477137e-06,0.08382899640577754,0.01076543440019121
no_warmup,191,input,5,0.0002744306996872041,3.0092891013497046e-06,0.5076927616421824,0.02684711466067547
no_warmup,191,output,5,0.0007034736998489759,2.640017413313386e-05,1.0320722217168048,0.04841827700532605
no_warmup,191,output_norm,5,7.083639701808819e-05,3.3961359693679828e-06,0.09148508346759968,0.01572886895198226
no_warmup,192,hidden,5,0.0006506625524827657,9.73892251876053e-06,0.8483822134387117,0.021503021124906496
no_warmup,192,hidden_norm,5,6.991469159873741e-05,3.0317256641306206e-06,0.09049756132698764,0.007391841389265494
no_warmup,192,input,5,0.00027312294431133626,2.6772887903799624e-06,0.5181413738867517,0.014756019653937583
no_warmup,192,output,5,0.0007001162425270847,2.4103729847448746e-05,1.0399492858978552,0.02278195065397584
no_warmup,192,output_norm,5,7.008264353666911e-05,3.3425187309846234e-06,0.09634650820036493,0.007712351568091578
no_warmup,193,hidden,5,0.0006540041324868527,9.34315354811419e-06,0.8672590026678091,0.03549779919464169
no_warmup,193,hidden_norm,5,7.077031618181231e-05,2.2354995829682234e-06,0.0950172036846322,0.00753232870200804
no_warmup,193,input,5,0.00027479375762552927,2.1183420333308236e-06,0.530021224465506,0.01807884678520886
no_warmup,193,output,5,0.0007039111498951982,1.9338923895239176e-05,1.0623554688432102,0.05432876657792095
no_warmup,193,output_norm,5,7.198930886846073e-05,3.5642153362999444e-06,0.10186208198281672,0.011470864120336509
no_warmup,194,hidden,5,0.0006540009921839688,1.1764389032783785e-05,0.8521637514585724,0.04721116783867069
no_warmup,194,hidden_norm,5,7.035572351529313e-05,3.331152398871948e-06,0.08747939672795077,0.014244031385608015
no_warmup,194,input,5,0.00027404616638734467,1.3856831351628932e-06,0.5183397023804676,0.03159978818352422
no_warmup,194,output,5,0.0007014752419169445,1.9092830144928442e-05,1.0413963303974385,0.054460326612729676
no_warmup,194,output_norm,5,7.262685557977691e-05,2.901327065833619e-06,0.09504145225165854,0.019400796204479886
no_warmup,195,hidden,5,0.0006485793596572645,1.0573287917596647e-05,0.841569370133459,0.041153670989578756
no_warmup,195,hidden_norm,5,7.078246338155217e-05,2.160699819646027e-06,0.08557710983144864,0.013247733762830043
no_warmup,195,input,5,0.0002725437201087582,3.600850751992113e-06,0.5070794434813528,0.022541207606517746
no_warmup,195,output,5,0.0006980898010315908,2.1478295616010864e-05,1.0415091002894543,0.05082420589283934
no_warmup,195,output_norm,5,7.171678694021537e-05,2.203226721530638e-06,0.09212368779219125,0.01725168759375993
no_warmup,196,hidden,5,0.0006492466726377085,8.118113497212538e-06,0.8577647486810653,0.03686395601785418
no_warmup,196,hidden_norm,5,7.126487514979862e-05,3.3150805641348375e-06,0.0867475428880606,0.006587471141073569
no_warmup,196,input,5,0.0002724896149678196,1.6082369401237027e-06,0.5198203613486004,0.03089155171730387
no_warmup,196,output,5,0.0006943164812897242,1.8390000444863213e-05,1.0328618226739044,0.03947520475552019
no_warmup,196,output_norm,5,7.240530949305997e-05,3.4717363362246524e-06,0.09164930247185459,0.005095327198722355
no_warmup,197,hidden,5,0.0006484954961243201,1.3483323850536636e-05,0.8348343512934049,0.03811722868879486
no_warmup,197,hidden_norm,5,7.200153873533282e-05,2.9506262346021445e-06,0.08606132367112491,0.0029607957182269167
no_warmup,197,input,5,0.00027198790517063816,3.141470704783635e-06,0.5040966578848958,0.026947146216423322
no_warmup,197,output,5,0.0006931402226962809,2.174652016315571e-05,1.0188486135077333,0.05083534953310091
no_warmup,197,output_norm,5,7.232223623205847e-05,4.927384797476481e-06,0.08599443332963212,0.009773921769129683
no_warmup,198,hidden,5,0.0006477795161712509,1.2645817573215037e-05,0.8606163165616781,0.05581535013717925
no_warmup,198,hidden_norm,5,7.214717389366403e-05,3.1785122829792823e-06,0.08543490737889714,0.0061324618553063644
no_warmup,198,input,5,0.00027164932293687754,1.6438594964561286e-06,0.5240635118758222,0.039806926294652115
no_warmup,198,output,5,0.000689162066511047,2.204762762794007e-05,1.0293393606836434,0.07686366360680716
no_warmup,198,output_norm,5,7.177675922378788e-05,4.5733125223469415e-06,0.08869794876493983,0.009511720836625572
no_warmup,199,hidden,5,0.0006483476223286824,2.027958325421705e-05,0.8567121825447442,0.07966444661494354
no_warmup,199,hidden_norm,5,7.26560598359062e-05,6.1369685128649705e-06,0.0922857539035162,0.017864366044896295
no_warmup,199,input,5,0.0002722743439223937,4.926656965470907e-06,0.5227648972563347,0.04234630031102916
no_warmup,199,output,5,0.000687758788534016,2.5429846275756896e-05,1.049540319349465,0.1055624666519595
no_warmup,199,output_norm,5,7.299111786438869e-05,8.014440989647585e-06,0.10451513629878917,0.02138351008629729
no_warmup,200,hidden,5,0.000643923854707583,1.7703737256414633e-05,0.8464980929409588,0.03685267430679383
no_warmup,200,hidden_norm,5,7.19595855161323e-05,5.7078220576285074e-06,0.08467513529085222,0.0029147397737073677
no_warmup,200,input,5,0.00027132376418160105,4.111689246226334e-06,0.5172738969380437,0.030922152995018548
no_warmup,200,output,5,0.0006806190388942085,2.1381168754727143e-05,1.0248255883847794,0.03465984536642536
no_warmup,200,output_norm,5,7.212427081475871e-05,5.883555272827986e-06,0.09040407895342512,0.008223982889663344
warmup,1,hidden,5,0.00012038447991778332,4.6293289610138794e-07,1.415947638757749,0.05174146435320884
warmup,1,hidden_norm,5,1.0613714726599742e-05,5.059149205898314e-11,0.12622090389130683,0.002852959541192827
warmup,1,input,5,4.307788913323351e-05,3.292401832476795e-07,0.7650747850138605,0.03598153512196476
warmup,1,output,5,0.00012077775418411068,2.1486091910251734e-06,1.8892036411735913,0.07850715163299943
warmup,1,output_norm,5,1.0613733831664278e-05,7.883974190355874e-11,0.16389641079053313,0.0062921886312898604
warmup,2,hidden,5,0.00018544238567876317,1.757309178113458e-06,1.433230560426843,0.06001975388478039
warmup,2,hidden_norm,5,1.623013904582662e-05,2.544974963700219e-07,0.12252343479880004,0.007232184419647557
warmup,2,input,5,6.61498826336745e-05,3.9382633189233333e-07,0.7838057130436008,0.042161786674564314
warmup,2,output,5,0.00019006798271091515,3.261695765325443e-06,1.8866039491615172,0.050792722429275794
warmup,2,output_norm,5,1.6718444062158692e-05,5.938150299520008e-07,0.1643158597428079,0.014536125249194702
warmup,3,hidden,5,0.00024746784556000317,2.275642774283175e-06,1.3789077661355122,0.02695387826114843
warmup,3,hidden_norm,5,2.182653167522709e-05,3.7052121836136695e-07,0.1210258634905735,0.007377137793304666
warmup,3,input,5,8.838087489566747e-05,4.274231544636134e-07,0.7529737424036302,0.014123226540758621
warmup,3,output,5,0.0002590996284839755,5.1238860343057934e-06,1.8505789463197388,0.05030674684056649
warmup,3,output_norm,5,2.2743425962180214e-05,7.399712925691853e-07,0.15703508159671553,0.01749571020580158
warmup,4,hidden,5,0.000308842625222394,3.930339892062261e-06,1.4267642635122895,0.020560656699154828
warmup,4,hidden_norm,5,2.756626523733753e-05,6.007796794716602e-07,0.130651180872962,0.0030235849117795097
warmup,4,input,5,0.00011040328265417366,9.381268267568634e-07,0.7805966376976038,0.030523869085475223
warmup,4,output,5,0.000326574388624695,8.58088474269551e-06,1.9087341229975212,0.03569816755740552
warmup,4,output_norm,5,2.8782554404911837e-05,1.284940373933455e-06,0.16950158462071677,0.007337285199200992
warmup,5,hidden,5,0.00037187396979320787,5.148184852134378e-06,1.4313078175318423,0.059297109647368736
warmup,5,hidden_norm,5,3.330732972021086e-05,7.256198362289262e-07,0.12292575576131685,0.005307301181083994
warmup,5,input,5,0.00013278241970015683,9.452212467861512e-07,0.7668735888841355,0.031214117819882745
warmup,5,output,5,0.0003976439538653272,9.182639908816028e-06,1.9110162517530853,0.06842513694141539
warmup,5,output_norm,5,3.514332227766234e-05,1.2698378867226393e-06,0.16536279718010888,0.011838298519328674
warmup,6,hidden,5,0.0004325029338994264,5.694307696498751e-06,1.400507291736946,0.052647182974455135
warmup,6,hidden_norm,5,3.912911004021922e-05,1.1468700905657887e-06,0.12757298929920627,0.020291494221601272
warmup,6,input,5,0.00015492380655735487,1.3363142023419284e-06,0.7679757200263141,0.04671336766913566
warmup,6,output,5,0.0004651040402057609,9.850180978103733e-06,1.8720172628406015,0.017415442874418964
warmup,6,output_norm,5,4.148996485067437e-05,1.744806972115031e-06,0.1804028305366264,0.028141826702751956
warmup,7,hidden,5,0.0004938261462243684,5.6249213274455225e-06,1.4010192690806005,0.06844058539333292
warmup,7,hidden_norm,5,4.500906989752887e-05,1.2917678702314663e-06,0.12947919742780384,0.01184512368661971
warmup,7,input,5,0.00017674920260180854,1.3595759646105931e-06,0.7630270076118205,0.03767774659298724
warmup,7,output,5,0.0005321387639938475,9.239381242584498e-06,1.8816778795870674,0.08375069703678426
warmup,7,output_norm,5,4.8167343247219894e-05,1.6302517244894634e-06,0.1690770497592528,0.02164354213145323
warmup,8,hidden,5,0.0005539209465599304,5.184715651264893e-06,1.4305090395789188,0.0258632767759366
warmup,8,hidden_norm,5,5.0154623696489353e-05,1.498763450995503e-06,0.126648373481616,0.008118235395094507
warmup,8,input,5,0.00019809004974612442,1.6903754903718165e-06,0.774801255372441,0.02668073346064328
warmup,8,output,5,0.0005999439587267293,1.1294290047892409e-05,1.9163017984464634,0.07239127485345052
warmup,8,output_norm,5,5.4132171364655115e-05,2.306691506654588e-06,0.17495755792602977,0.00878257170843383
warmup,9,hidden,5,0.0006141274610942947,5.4607929962256105e-06,1.3930659264723935,0.05736954796233629
warmup,9,hidden_norm,5,5.548750521856988e-05,1.3983970561127076e-06,0.1253618635095102,0.006909288836557518
warmup,9,input,5,0.00021979481811709522,2.402586492487177e-06,0.7657106564513224,0.02344163689764953
warmup,9,output,5,0.0006675684969653856,1.2658494692785726e-05,1.8729888421531953,0.10155366035702257
warmup,9,output_norm,5,5.972920918940221e-05,2.643760581877918e-06,0.1670179641109239,0.01981245004436601
warmup,10,hidden,5,0.000675884957518986,4.647157846592246e-06,1.4124402127537619,0.0618662949670741
warmup,10,hidden_norm,5,6.097189128108527e-05,2.064664359840984e-06,0.12646881282380856,0.0034630011035281234
warmup,10,input,5,0.00024204512560378495,2.8954279376133995e-06,0.7697136171585715,0.045674954440128555
warmup,10,output,5,0.000735243069172221,1.2879232194470338e-05,1.88317064607257,0.09563575318554456
warmup,10,output_norm,5,6.565052672005731e-05,3.7658260646759447e-06,0.16702561732612708,0.004829879564193123
warmup,11,hidden,5,0.0007375153899980093,7.014397864908758e-06,1.4175819426292988,0.04444902190443573
warmup,11,hidden_norm,5,6.700941550013416e-05,2.34013291182788e-06,0.1326190348888233,0.007492175801577424
warmup,11,input,5,0.0002640937716255205,3.955508851069767e-06,0.7723212885471968,0.022290978396335252
warmup,11,output,5,0.0008026686622138338,1.5713678577340616e-05,1.8950601741028297,0.07300461183316505
warmup,11,output_norm,5,7.228527699520469e-05,4.748584876965738e-06,0.18130751950752608,0.02171896820591769
warmup,12,hidden,5,0.0007983772282106055,6.071081309383865e-06,1.3924126143666284,0.0192552182008475
warmup,12,hidden_norm,5,7.28561463388093e-05,2.2032495408810994e-06,0.12575930842259986,0.006757944771683512
warmup,12,input,5,0.00028603376209631383,4.740378658782283e-06,0.7582537009517336,0.02604436974468845
warmup,12,output,5,0.0008714945086517455,1.6564006760476127e-05,1.8530802272602753,0.029898909474644027
warmup,12,output_norm,5,7.845122334078568e-05,5.6236622353106734e-06,0.16305177257185938,0.011121898884081903
warmup,13,hidden,5,0.0008581751021213742,6.8546734167196755e-06,1.3835337357772177,0.05530341995734466
warmup,13,hidden_norm,5,7.845367380040653e-05,1.688537812648805e-06,0.12274231500942459,0.012943953568492648
warmup,13,input,5,0.00030695994869970553,5.7291937949969445e-06,0.7454184134499957,0.0318377437815659
warmup,13,output,5,0.0009397562854529341,1.7304737108596968e-05,1.8662977703330719,0.026127572689064876
warmup,13,output_norm,5,8.502476411084592e-05,5.375024589837265e-06,0.16591333416397397,0.020849453924352588
warmup,14,hidden,5,0.0009212281222696465,5.469460376832931e-06,1.4079578011541807,0.05026002661427934
warmup,14,hidden_norm,5,8.447140064506342e-05,1.7993561148583628e-06,0.12542311958075203,0.005969193180541086
warmup,14,input,5,0.00032938324316106907,5.7070735496544656e-06,0.7620891291217895,0.045420664480119693
warmup,14,output,5,0.001010365537135473,1.5849230185027384e-05,1.880059866930181,0.036291489522685474
warmup,14,output_norm,5,9.167048894016605e-05,5.6270855528992195e-06,0.16729645980461558,0.014388963283003627
warmup,15,hidden,5,0.000984727956562161,7.908337536112023e-06,1.412054786572018,0.043400687375945976
warmup,15,hidden_norm,5,9.067415033989503e-05,1.7382544666396178e-06,0.12581674258736714,0.013129302514491653
warmup,15,input,5,0.00035145601388203023,5.441791592480476e-06,0.752188436700014,0.035257848014565024
warmup,15,output,5,0.0010789118475215207,1.6165327852157808e-05,1.8627845852804819,0.05483082717261555
warmup,15,output_norm,5,9.755029658781134e-05,5.799528832007244e-06,0.1624064431270229,0.028704826232838977
warmup,16,hidden,5,0.0010414957418511052,1.1763194729118283e-05,1.3618461811263094,0.07981193668687948
warmup,16,hidden_norm,5,9.53223253689411e-05,3.7175130503494867e-06,0.11791020144989217,0.011992959222053732
warmup,16,input,5,0.00037238396002796565,7.829647578019531e-06,0.7469557787511764,0.048052139932757046
warmup,16,output,5,0.0011419777041828893,1.4840217048762229e-05,1.7847958890831603,0.09866037299973045
warmup,16,output_norm,5,0.00010276659071384956,7.226182179206205e-06,0.15762873950997358,0.021853804446282012
warmup,17,hidden,5,0.0011016194655513293,1.1639213972234563e-05,1.3898180209575508,0.07307371686560345
warmup,17,hidden_norm,5,0.00010107870383210883,3.667794741191776e-06,0.12969462126430567,0.02203476345957571
warmup,17,input,5,0.0003941666766347564,7.389358244413986e-06,0.7562074147201637,0.03280653517315376
warmup,17,output,5,0.0012063590124260005,9.519635574799985e-06,1.870297096199036,0.06044852941061862
warmup,17,output_norm,5,0.00010876886457322479,7.921495672162992e-06,0.17642014291535688,0.03526283102119104
warmup,18,hidden,5,0.0011635078949137408,9.166538323521998e-06,1.3759148014074818,0.05510162735400147
warmup,18,hidden_norm,5,0.00010679107483927309,2.9837284263164853e-06,0.1185535477405754,0.0048027186471063755
warmup,18,input,5,0.0004160945043121901,7.514364893107138e-06,0.7443855282376759,0.04056774621937169
warmup,18,output,5,0.001275003467196493,8.262106487423673e-06,1.813619873316675,0.05888539687926791
warmup,18,output_norm,5,0.00011463212283963046,7.518501208015992e-06,0.15346454137950388,0.010427649038014759
warmup,19,hidden,5,0.001221825697530432,1.2363215549129315e-05,1.3730585351677456,0.06285871892224909
warmup,19,hidden_norm,5,0.0001112734097886663,3.937193556291325e-06,0.12026607003867326,0.006108378621480808
warmup,19,input,5,0.00043634625058483034,8.109687198559189e-06,0.7390504275953897,0.025517762061260784
warmup,19,output,5,0.001339055478238968,1.1502649821726618e-05,1.7985396367028152,0.06867692754924408
warmup,19,output_norm,5,0.00011894528617703433,6.797384966050053e-06,0.15566698314663474,0.010960339842554984
warmup,20,hidden,5,0.0012848075563159044,1.228849766740636e-05,1.3942002303768883,0.04509004004988199
warmup,20,hidden_norm,5,0.00011694124315352237,5.153661680108866e-06,0.12638919359961592,0.0029890989508639873
warmup,20,input,5,0.00045919239639056564,9.479132435814523e-06,0.7597084879561354,0.02993689442388502
warmup,20,output,5,0.0014042531672385922,1.4671451522499053e-05,1.8517929917328384,0.0634766903680865
warmup,20,output_norm,5,0.0001241959764744281,4.8520377656816624e-06,0.1626476241074826,0.008854006060601575
warmup,21,hidden,5,0.0012799898653092772,1.3510244235049195e-05,1.3674683169566557,0.04209723425668244
warmup,21,hidden_norm,5,0.0001169044753933839,5.4949397172872124e-06,0.12274874844016781,0.010988660255033082
warmup,21,input,5,0.0004575449299090685,8.961435518444064e-06,0.7358466500694633,0.028771778105745133
warmup,21,output,5,0.0013993619842724166,1.7848504399131213e-05,1.8050143652798503,0.08000137439115809
warmup,21,output_norm,5,0.00012362574314315366,5.2994363763234635e-06,0.15794196644176223,0.018164224981714012
warmup,22,hidden,5,0.0012728668071480104,1.7667011836145866e-05,1.3403844224198427,0.06621178777357994
warmup,22,hidden_norm,5,0.0001152244331061834,5.497177488220611e-06,0.12112459702123382,0.00805663325880964
warmup,22,input,5,0.0004549760483802768,1.0517251898585594e-05,0.7294161277037785,0.048055796127562014
warmup,22,output,5,0.0013908352887377782,2.1978039106823833e-05,1.7725866598910671,0.06265605745984437
warmup,22,output_norm,5,0.00012167880815586705,5.461145752774257e-06,0.16027751375426105,0.01581727398121945
warmup,23,hidden,5,0.0012631346749305365,1.8548496709867772e-05,1.3309860043149968,0.037558858892154975
warmup,23,hidden_norm,5,0.00011363756010636847,5.362138682532636e-06,0.11479272839115731,0.007720302059054181
warmup,23,input,5,0.00045214404586658237,1.0650804987903038e-05,0.7170529384409885,0.013716537801687079
warmup,23,output,5,0.0013823562696512893,2.3276026733716575e-05,1.747633618648523,0.0412240941942137
warmup,23,output_norm,5,0.00012051063878719395,6.493817856461189e-06,0.14825036418363724,0.015829497487348687
warmup,24,hidden,5,0.0012570845543450897,1.6436461144035294e-05,1.3377768491562072,0.035843058144060094
warmup,24,hidden_norm,5,0.00011343834344632205,4.7772689508848845e-06,0.11973762980956851,0.0040037249287664615
warmup,24,input,5,0.0004504688124270178,1.0268192590805297e-05,0.7324754512364362,0.02466294434717037
warmup,24,output,5,0.001376035715819129,2.2197769493264614e-05,1.7596817605827568,0.034853378775326474
warmup,24,output_norm,5,0.00011922306108681294,5.667876827574216e-06,0.1516186906843951,0.007332397041209393
warmup,25,hidden,5,0.0012485400617311634,1.3717768151719393e-05,1.3210912171171914,0.04723940389413098
warmup,25,hidden_norm,5,0.00011240442182717169,4.631974201363054e-06,0.12352066279995166,0.0056538528660920705
warmup,25,input,5,0.00044784739020018404,1.0730749145290675e-05,0.7196973402933128,0.0252142000206416
warmup,25,output,5,0.0013668948163618312,2.0988160753675738e-05,1.7401339609361774,0.05711078823845308
warmup,25,output_norm,5,0.00011879906188314493,6.248037018493623e-06,0.1696860835791858,0.011369343340519667
warmup,26,hidden,5,0.001244137358571679,1.440156398495815e-05,1.330413619262288,0.045274039360416116
warmup,26,hidden_norm,5,0.00011190006134103229,4.514411767301879e-06,0.11786013769976358,0.011735177144259068
warmup,26,input,5,0.0004458639157592724,1.0900553405033952e-05,0.7169157584548931,0.04025692617235554
warmup,26,output,5,0.0013630385730515446,2.507764086794458e-05,1.7642603364733884,0.07368025007477647
warmup,26,output_norm,5,0.00011788788806384237,5.522481538368988e-06,0.15121121470307103,0.018693694794312564
warmup,27,hidden,5,0.001242670446272476,1.0008991592993828e-05,1.3463712218742305,0.05186397699147493
warmup,27,hidden_norm,5,0.00011156935542717871,5.286883723145603e-06,0.1243390469608999,0.008406401927793142
warmup,27,input,5,0.0004448692161432439,9.20521084018854e-06,0.7243563899510027,0.03508276744849076
warmup,27,output,5,0.0013614288511340198,2.40394349013235e-05,1.7671055596158065,0.03524566564872875
warmup,27,output_norm,5,0.0001177391792120112,5.8269867109434335e-06,0.15418044651443474,0.015524770328711562
warmup,28,hidden,5,0.00123833786684629,1.0104927902337547e-05,1.3161015715992632,0.05855473038936117
warmup,28,hidden_norm,5,0.00011112689662026582,5.1975700417214985e-06,0.11683893732669455,0.005945772699986892
warmup,28,input,5,0.00044327743802956954,9.245249323009302e-06,0.7140233422441652,0.04683793813012192
warmup,28,output,5,0.001358330995374708,1.6901337475949058e-05,1.7349379494164139,0.051858846456389586
warmup,28,output_norm,5,0.00011685315956658418,6.155522540198861e-06,0.14542111232931973,0.018008543317003
warmup,29,hidden,5,0.0012303997965732517,1.2581869008957742e-05,1.290781574274975,0.0673911009623711
warmup,29,hidden_norm,5,0.000109803514653005,5.426411932410601e-06,0.10915575718493457,0.007670802964484511
warmup,29,input,5,0.00044039909521967276,8.060977417781171e-06,0.7012462906241631,0.027596028610425836
warmup,29,output,5,0.0013493814024948115,1.8556359819934505e-05,1.6853901829179463,0.07866625581680974
warmup,29,output_norm,5,0.00011526643947436096,6.016532916999749e-06,0.1311643269174852,0.01099370488056778
warmup,30,hidden,5,0.0012258133595609239,1.118807945330714e-05,1.3037637396245456,0.04042227510431684
warmup,30,hidden_norm,5,0.00011002522007563338,4.968668846398132e-06,0.11777224322151722,0.011572227792510376
warmup,30,input,5,0.00043884067762434576,8.230071734682575e-06,0.7005852188917302,0.04168041590555354
warmup,30,output,5,0.00134137627745176,2.1867969148556328e-05,1.6879537679460335,0.07648189481486742
warmup,30,output_norm,5,0.00011527685170180607,6.128780380981443e-06,0.15130796201492588,0.02386086435304399
warmup,31,hidden,5,0.0012173233227095244,1.25070146527699e-05,1.2908105408812478,0.03243980489617633
warmup,31,hidden_norm,5,0.00010909339658419893,4.648895700002187e-06,0.11640981329870789,0.00676408949846718
warmup,31,input,5,0.0004362881682048317,7.707695739876824e-06,0.6994505801240012,0.031003153894192666
warmup,31,output,5,0.001334601503488359,1.9845550691890096e-05,1.691848039410709,0.028651147023237348
warmup,31,output_norm,5,0.00011333755989870581,6.207279318123517e-06,0.14563900441263367,0.01649075432672546
warmup,32,hidden,5,0.001210143669393988,1.1846104983753151e-05,1.2893384529383434,0.04713772866308941
warmup,32,hidden_norm,5,0.00010751510743385786,4.968633495146187e-06,0.10750411295133702,0.003391397285087511
warmup,32,input,5,0.00043322219429758787,7.701230203012639e-06,0.6929758490387524,0.03600760484545309
warmup,32,output,5,0.0013252859395866726,2.0280306385395925e-05,1.6827282833284651,0.03826850375264633
warmup,32,output_norm,5,0.00011095834627072338,6.913878179681826e-06,0.1299141107347857,0.008156405380199237
warmup,33,hidden,5,0.0012068898248710756,1.542695667398985e-05,1.3105156909176534,0.07946043063095576
warmup,33,hidden_norm,5,0.00010741368283658115,3.864415556515957e-06,0.11301984709243966,0.01989704188384838
warmup,33,input,5,0.0004326669646586961,8.826482341186235e-06,0.7070634232895858,0.05720165848931976
warmup,33,output,5,0.0013186232300272007,1.6666921018666525e-05,1.7094141710246227,0.08387475173792218
warmup,33,output_norm,5,0.0001102651992916492,5.970644327842672e-06,0.1404546996121731,0.031381800088389415
warmup,34,hidden,5,0.001202021333358486,1.2603084790218645e-05,1.3062661417988923,0.05480595013131224
warmup,34,hidden_norm,5,0.00010696370213770121,3.7111216285543518e-06,0.11949750212388299,0.006768502674401061
warmup,34,input,5,0.00043089951724430316,9.991334772402892e-06,0.7067897693216982,0.03931920041523258
warmup,34,output,5,0.0013153049608126159,1.8060117290416976e-05,1.7109635277020316,0.01879686496501418
warmup,34,output_norm,5,0.0001095106845913617,5.254559491424555e-06,0.15287740158930996,0.010653691797010853
warmup,35,hidden,5,0.0011971529130093133,1.2984796475021363e-05,1.2668611654309976,0.04054142627337602
warmup,35,hidden_norm,5,0.00010655052344659964,3.6048490689435522e-06,0.10923048683716552,0.006616158086863775
warmup,35,input,5,0.00042965017866530755,9.753472534473776e-06,0.689296533851358,0.03357259691217565
warmup,35,output,5,0.0013085370164744297,1.9529930494267536e-05,1.652594221609327,0.025893046441342993
warmup,35,output_norm,5,0.00010911851665070354,4.717415666698687e-06,0.1354555654354034,0.010725087679274088
warmup,36,hidden,5,0.0011895931016552288,1.3023182010218423e-05,1.2478064656896692,0.04058999608894499
warmup,36,hidden_norm,5,0.00010593492670202258,3.4119130403603445e-06,0.10941269075141376,0.005500267657993898
warmup,36,input,5,0.0004273784621491022,9.425185770175115e-06,0.6778659033664314,0.029709976881115957
warmup,36,output,5,0.001300336600553923,2.0113605119322318e-05,1.6480014273059804,0.03850033122432057
warmup,36,output_norm,5,0.00010833666867476569,4.462647066755463e-06,0.13343157625308807,0.014743925237721417
warmup,37,hidden,5,0.0011810471421957608,1.3592777592721361e-05,1.2274824903109898,0.046246774319652476
warmup,37,hidden_norm,5,0.00010536210167830405,3.269321756253514e-06,0.10360467003686576,0.006408956141562935
warmup,37,input,5,0.00042464124596739404,8.448014799248201e-06,0.6640222680376053,0.015398139239200508
warmup,37,output,5,0.0012912299271969747,1.956002367813205e-05,1.615104840596657,0.05811997737184453
warmup,37,output_norm,5,0.00010827914502911948,4.641045078439855e-06,0.13297723943322906,0.011301917125152596
warmup,38,hidden,5,0.0011760188570293856,1.2057316677405763e-05,1.262119060474724,0.046127178157580384
warmup,38,hidden_norm,5,0.0001042573061664753,3.2151442895129635e-06,0.10917781194443672,0.008093421476244225
warmup,38,input,5,0.00042283554289820186,6.841340501533855e-06,0.6887104961103867,0.020564055825974547
warmup,38,output,5,0.0012863688905867085,1.8978485062992418e-05,1.6527122651082031,0.07605267192891331
warmup,38,output_norm,5,0.00010578221927413095,4.192113017419196e-06,0.13500984509334435,0.013467663775863352
warmup,39,hidden,5,0.0011696842611435855,8.075979783787736e-06,1.2285062747616924,0.06349158476547576
warmup,39,hidden_norm,5,0.00010390955210375552,3.569037145388137e-06,0.10783019700080798,0.011776998152756287
warmup,39,input,5,0.00042040526029652495,7.933673291329462e-06,0.6600813144219171,0.03970804311104957
warmup,39,output,5,0.0012800921928883525,2.5840349980623627e-05,1.6078180085084164,0.09596884381128964
warmup,39,output_norm,5,0.00010475239542285185,5.029471131134335e-06,0.12936162063129542,0.02340409845556863
warmup,40,hidden,5,0.0011646978453644606,7.913341220925027e-06,1.2479074702912758,0.06022164866016617
warmup,40,hidden_norm,5,0.00010417176692899606,4.064346081614862e-06,0.1170204113914872,0.007972873252993949
warmup,40,input,5,0.0004186879290645061,7.30691239423952e-06,0.6722103799165629,0.036101276409898526
warmup,40,output,5,0.0012767222480681915,2.4683277574612855e-05,1.6559774395784737,0.058611438729693786
warmup,40,output_norm,5,0.00010420607330391453,5.326114150984679e-06,0.14429889119130285,0.012290027991900255
warmup,41,hidden,5,0.0011601844207988887,1.0948565798461572e-05,1.2557673454567344,0.00939888231976733
warmup,41,hidden_norm,5,0.0001039463002375498,3.906253334623108e-06,0.11114947867427136,0.004929778932531459
warmup,41,input,5,0.0004175432068175357,9.153844506816234e-06,0.6697136515852454,0.024827754502864997
warmup,41,output,5,0.0012733653220006302,2.827426153487734e-05,1.644674631312944,0.017585581890340606
warmup,41,output_norm,5,0.00010397631008077946,5.880245931331529e-06,0.13808563775665847,0.005813917272010074
warmup,42,hidden,5,0.0011581361678184114,1.0392719731352773e-05,1.249171208391368,0.03561209775784112
warmup,42,hidden_norm,5,0.00010386538376491355,4.211822199529474e-06,0.1129112798490139,0.004129404163823445
warmup,42,input,5,0.0004171216019737238,1.0267404699000531e-05,0.6805534813366168,0.025394144772012475
warmup,42,output,5,0.0012681796564357605,2.9208527498511118e-05,1.613227176460171,0.04485388454231221
warmup,42,output_norm,5,0.00010382977153270446,8.968783364573614e-06,0.14184389073203135,0.005446015983674508
warmup,43,hidden,5,0.0011521135688021924,1.2974071101884634e-05,1.242147328642473,0.031914578511594544
warmup,43,hidden_norm,5,0.00010311487917683615,4.07807669973003e-06,0.110939645294822,0.00507081717213575
warmup,43,input,5,0.0004150666302775123,9.035191787760648e-06,0.6715501760540865,0.019415981920089788
warmup,43,output,5,0.0012649916483520054,2.9616687151477906e-05,1.6592966584879014,0.06911104413100483
warmup,43,output_norm,5,0.00010296924452564966,8.074745414327608e-06,0.13933495628930243,0.013442962999599828
warmup,44,hidden,5,0.0011466447378388031,1.2939908449144275e-05,1.2148450428628024,0.036934854341230124
warmup,44,hidden_norm,5,0.00010245867312753418,4.898931552685978e-06,0.10894906308046308,0.007173057138880221
warmup,44,input,5,0.0004136479483326872,8.160501174563723e-06,0.6702150278082619,0.02948601889729261
warmup,44,output,5,0.0012597917369146306,2.289509591357113e-05,1.614651429486992,0.036294765739593886
warmup,44,output_norm,5,0.0001024521556414537,5.870997835577903e-06,0.13854968079926872,0.006669973918219075
warmup,45,hidden,5,0.0011375171381023334,1.992870334953025e-05,1.2094322301229536,0.06042611738959416
warmup,45,hidden_norm,5,0.00010148726062977948,6.027784102545731e-06,0.10787198128829398,0.008750267145280625
warmup,45,input,5,0.00041072470309931364,8.752610515230806e-06,0.6570360107099452,0.023143294907890858
warmup,45,output,5,0.0012509085090672463,3.0010407594602667e-05,1.5882518660424094,0.09579136497175024
warmup,45,output_norm,5,0.00010119179969593148,6.987607900572383e-06,0.13604582912073143,0.014911810977736622
warmup,46,hidden,5,0.0011325182086479402,1.591639875015958e-05,1.2229397540710436,0.03158118472161128
warmup,46,hidden_norm,5,0.00010107928593425744,5.5521517774308025e-06,0.10916160280592,0.008321679022208841
warmup,46,input,5,0.0004095437126480419,6.31102663746188e-06,0.6682075197065445,0.029769483924972983
warmup,46,output,5,0.0012438422067618843,2.7793641937599983e-05,1.628934822069575,0.02850357290609721
warmup,46,output_norm,5,0.00010125531044243912,5.518588463516999e-06,0.13801183631172995,0.013736413293640259
warmup,47,hidden,5,0.0011289581872415831,1.689848985866852e-05,1.23114138355434,0.05358381340622252
warmup,47,hidden_norm,5,0.00010081689961662915,5.370861518476649e-06,0.10504207391327838,0.005080492327072831
warmup,47,input,5,0.00040869261478918164,6.466683105534452e-06,0.6672835168123434,0.03631749129358039
warmup,47,output,5,0.001239046803927758,2.75012913666006e-05,1.6107250720456818,0.0457354566467464
warmup,47,output_norm,5,0.00010038589272591417,4.678984984421937e-06,0.13267469592850434,0.00471187552990955
warmup,48,hidden,5,0.0011215855505546724,1.314648204091198e-05,1.1859499893011956,0.0427392191294486
warmup,48,hidden_norm,5,0.00010087800297236765,3.993363480501262e-06,0.10839697370934423,0.015323512201674348
warmup,48,input,5,0.00040729007473548585,6.3400616174633114e-06,0.6478317172361089,0.023754076200540382
warmup,48,output,5,0.0012319034886262657,2.9710832991779393e-05,1.5657984743364592,0.02929205039439892
warmup,48,output_norm,5,0.00010073997280323987,3.8175604813067765e-06,0.1347036186329948,0.023514074554399314
warmup,49,hidden,5,0.0011180813151897661,8.828868704508112e-06,1.193085935166863,0.03340658262961868
warmup,49,hidden_norm,5,0.00010109978894527207,4.014064696292957e-06,0.10767122201642328,0.00511101365098593
warmup,49,input,5,0.00040650117043505797,6.733407030284458e-06,0.6534903999681644,0.02526936306032181
warmup,49,output,5,0.0012266345033394755,2.830318051159361e-05,1.5773098805833368,0.04323448766844059
warmup,49,output_norm,5,0.00010173051639916994,4.26183187421207e-06,0.13188900063993364,0.013847060724620898
warmup,50,hidden,5,0.001111729000747752,9.540238264768316e-06,1.2055104898782179,0.04862819021340441
warmup,50,hidden_norm,5,0.00010019752184206666,4.3499263658460354e-06,0.10472713064486187,0.011986955824961213
warmup,50,input,5,0.00040484745164997193,7.902337127210825e-06,0.654543957910499,0.0372427886872921
warmup,50,output,5,0.001216722457232471,2.992048417541238e-05,1.559039851313409,0.06435979969096273
warmup,50,output_norm,5,0.00010051452627973569,4.579519545014484e-06,0.12641574959643503,0.022171338553372943
warmup,51,hidden,5,0.0011043948733253533,1.0450676162677008e-05,1.1723902548443133,0.03739070681982863
warmup,51,hidden_norm,5,0.00010014351996257866,3.7896303381193684e-06,0.10667549070809283,0.005889410989732576
warmup,51,input,5,0.0004022087584198776,7.5380946909608105e-06,0.6366788632994593,0.02714838699848234
warmup,51,output,5,0.0012093346163153666,2.8314111089892866e-05,1.5465956821512932,0.06055569820778055
warmup,51,output_norm,5,0.00010052125829005041,3.0592878295025975e-06,0.13421776663211332,0.01830263079054308
warmup,52,hidden,5,0.0010991165625934677,1.0612727720578158e-05,1.197231797272716,0.012634884341334406
warmup,52,hidden_norm,5,9.994002130751764e-05,4.417858250371949e-06,0.10565440059896913,0.0031494024194497735
warmup,52,input,5,0.00040039408441109654,6.384657208016929e-06,0.6527336586030141,0.0273474815433951
warmup,52,output,5,0.001201822850963336,2.922042807186731e-05,1.5568321616494833,0.02528518879303278
warmup,52,output_norm,5,0.00010021798981005143,4.045421609144718e-06,0.1306200937246443,0.01090963514276139
warmup,53,hidden,5,0.0010917996130843611,9.457932380366425e-06,1.1860938630008662,0.05398852679241696
warmup,53,hidden_norm,5,9.977566172108929e-05,5.458116521539086e-06,0.10776631855292904,0.009664050040758062
warmup,53,input,5,0.0003995464494890135,5.264083548940261e-06,0.6564524660812086,0.03622228230313977
warmup,53,output,5,0.0011930517387451918,2.695462489824601e-05,1.5512808334153525,0.06858040728088212
warmup,53,output_norm,5,0.00010030867924463611,6.025900766520677e-06,0.13636285453148184,0.01895918482612429
warmup,54,hidden,5,0.001083194662777755,1.1122786661778115e-05,1.1686811335036693,0.029831632733420408
warmup,54,hidden_norm,5,9.955738850220348e-05,4.96688421889064e-06,0.10470344523287958,0.006246533149093601
warmup,54,input,5,0.00039807121928404573,5.4908005870568305e-06,0.6433591612491492,0.02907761341660112
warmup,54,output,5,0.0011841049319597774,2.9545333778763677e-05,1.5358562619544887,0.06967930596701158
warmup,54,output_norm,5,0.00010041271809624454,4.8940198920323615e-06,0.13089677467277183,0.006405397913918015
warmup,55,hidden,5,0.0010747554261629402,1.490983718661576e-05,1.1456854672313228,0.051406084341418086
warmup,55,hidden_norm,5,9.836090107955793e-05,5.476471872236998e-06,0.10224636444590371,0.0067255547330959025
warmup,55,input,5,0.0003939593893060974,4.899245043730364e-06,0.6207591513179428,0.024975008334355623
warmup,55,output,5,0.001176026979669576,3.062339179818175e-05,1.4933726918049919,0.08956794630200661
warmup,55,output_norm,5,9.761732259198588e-05,6.315720931443139e-06,0.12122739912945928,0.011054608442045373
warmup,56,hidden,5,0.0010653270718015916,1.7235663453804363e-05,1.153892256256395,0.03123072839657901
warmup,56,hidden_norm,5,9.819584896171772e-05,5.4350310379557415e-06,0.10896892652870441,0.004359987944759144
warmup,56,input,5,0.0003909875416777406,4.08138647062737e-06,0.6293965292146804,0.024049015849101556
warmup,56,output,5,0.0011655871611422868,3.2182816664679185e-05,1.5132348591931706,0.0364647326619108
warmup,56,output_norm,5,9.707247816293498e-05,6.305891575461122e-06,0.133981759717703,0.013983255842220705
warmup,57,hidden,5,0.001062767258520274,1.616676488688729e-05,1.178014021681984,0.04061987760236263
warmup,57,hidden_norm,5,9.742767153022623e-05,5.36323505636037e-06,0.10427382360370022,0.007661774849208944
warmup,57,input,5,0.00039072310783088245,4.246756531007922e-06,0.6412611467574109,0.029460607398789876
warmup,57,output,5,0.001161706441107633,3.2708479192549796e-05,1.5367540113274978,0.021925480017032276
warmup,57,output_norm,5,9.694293914140776e-05,6.662350176562635e-06,0.12957476877596524,0.021647453169640753
warmup,58,hidden,5,0.0010634471976852956,1.6983662193869793e-05,1.1824385913925939,0.018137836559879317
warmup,58,hidden_norm,5,9.757047728557874e-05,5.888977091155188e-06,0.10686457575453505,0.005032007949007906
warmup,58,input,5,0.0003903640227026251,4.700862980099514e-06,0.6380400685529205,0.020152400807860068
warmup,58,output,5,0.0011628794011173404,3.220153832430034e-05,1.53805489493033,0.027497196270183426
warmup,58,output_norm,5,9.720923102518929e-05,7.906510499248218e-06,0.13280446160660436,0.007331496345715803
warmup,59,hidden,5,0.0010597248088284844,1.6423760609788093e-05,1.1375596240285255,0.048081163344003926
warmup,59,hidden_norm,5,9.744310138954735e-05,5.661006166219159e-06,0.1022991971201628,0.005649355996902983
warmup,59,input,5,0.0003882953401630544,4.220651030405426e-06,0.6178525796226008,0.03385660146183124
warmup,59,output,5,0.0011577912794082904,3.1689230539834857e-05,1.488222176393765,0.030793962402361586
warmup,59,output_norm,5,9.858816582591699e-05,7.0045494287022595e-06,0.1304464434183412,0.008148953182753728
warmup,60,hidden,5,0.0010570248263647869,1.4347410267052956e-05,1.1749071408331013,0.032248610890569025
warmup,60,hidden_norm,5,9.771857981549889e-05,5.694597404283861e-06,0.10769149496617447,0.00955615968067495
warmup,60,input,5,0.0003875583248052486,4.613028259907789e-06,0.644077250807403,0.026736185904649944
warmup,60,output,5,0.001155050288364871,3.055552907622638e-05,1.532466673264332,0.05381106346467161
warmup,60,output_norm,5,9.929786215726795e-05,6.742479386261291e-06,0.13463502975766786,0.015625270388242594
warmup,61,hidden,5,0.0010524257262005995,1.3750107723031098e-05,1.1658653565719839,0.013693397625270842
warmup,61,hidden_norm,5,9.734389505498962e-05,5.726784725592308e-06,0.10493137483827193,0.005041874255143639
warmup,61,input,5,0.00038678944641681867,5.248802364959736e-06,0.6424232041514278,0.022381238404794772
warmup,61,output,5,0.0011498486854956045,2.4532303917932665e-05,1.5059097382866513,0.0302227001518614
warmup,61,output_norm,5,9.765276345290194e-05,6.845345415665055e-06,0.1235651683381008,0.007405443929104456
warmup,62,hidden,5,0.001048976407441625,1.0559513204581411e-05,1.1504844368378204,0.04428240472794268
warmup,62,hidden_norm,5,9.751419730055514e-05,5.384778476905379e-06,0.10460970055684198,0.006336640650415474
warmup,62,input,5,0.0003857434598575554,5.972384095365155e-06,0.6246781656943508,0.04277755954919374
warmup,62,output,5,0.0011440937087469512,2.303306190969643e-05,1.4488495781725486,0.035769754587333204
warmup,62,output_norm,5,9.787155373716474e-05,7.672106768087546e-06,0.12694344114866646,0.0037595367259258584
warmup,63,hidden,5,0.0010441336811442476,1.0084377114397786e-05,1.1335118197993201,0.0529255298464182
warmup,63,hidden_norm,5,9.850926828488282e-05,5.726100382621115e-06,0.10311728267585592,0.007826569407638869
warmup,63,input,5,0.00038423134374981004,6.040156839540805e-06,0.6234573478110785,0.030772702438701695
warmup,63,output,5,0.0011403237726561547,2.3994155429310228e-05,1.5055090599436012,0.053821284840180963
warmup,63,output_norm,5,9.857182318724752e-05,7.272907311498988e-06,0.12861688640101215,0.017984795668387243
warmup,64,hidden,5,0.0010402157189842824,1.2979895678952714e-05,1.1314394485228136,0.016759751256762604
warmup,64,hidden_norm,5,9.875564518976258e-05,6.520491216223309e-06,0.10900108225927223,0.012275838856641724
warmup,64,input,5,0.0003836549618303967,7.427591599592686e-06,0.6284074811931977,0.027881191236560417
warmup,64,output,5,0.0011364803921077018,3.0058679089141107e-05,1.4745602546148426,0.043884744513836164
warmup,64,output_norm,5,9.726164105331405e-05,8.023843726491682e-06,0.12976901809075975,0.012588253987449992
warmup,65,hidden,5,0.0010302937981502623,2.2040010154225367e-05,1.089065402670893,0.05668764550963149
warmup,65,hidden_norm,5,9.788540847840059e-05,7.414945696571124e-06,0.09496362818373925,0.009797975591597381
warmup,65,input,5,0.00038098057638366194,7.78740596982051e-06,0.6024138479136181,0.02162632748180916
warmup,65,output,5,0.0011268700844462138,2.7768176543305744e-05,1.4197104283369677,0.06702001701265208
warmup,65,output_norm,5,9.568958185427856e-05,8.012283560001892e-06,0.11227699603716434,0.012974105587009906
warmup,66,hidden,5,0.001024450897509852,2.164535663520013e-05,1.136767021912307,0.021472053443023095
warmup,66,hidden_norm,5,9.766606203914614e-05,7.245734373003286e-06,0.10257830579485275,0.00858272766364341
warmup,66,input,5,0.000378477313504731,8.299847462533988e-06,0.6132695383328775,0.018605115718487913
warmup,66,output,5,0.0011209818297503642,2.913173739947347e-05,1.4598278251983001,0.02589597163899496
warmup,66,output_norm,5,9.467420925767688e-05,7.021837728372293e-06,0.12046422396616167,0.0188263655742662
warmup,67,hidden,5,0.0010206784972440954,2.3206516915221606e-05,1.153966684548712,0.05333702543156784
warmup,67,hidden_norm,5,9.734755562290957e-05,6.788060035701197e-06,0.10218010034264471,0.01059702156741472
warmup,67,input,5,0.00037784166498816107,9.498590575949295e-06,0.6366889852144835,0.03430713995240605
warmup,67,output,5,0.0011168273932107072,3.134798709277555e-05,1.4997364522301457,0.054571698107061715
warmup,67,output_norm,5,9.481148821039213e-05,8.520508611584332e-06,0.12679473064544966,0.016247489276169747
warmup,68,hidden,5,0.001013781354567906,2.403648361310251e-05,1.1191025920646,0.05003283798248242
warmup,68,hidden_norm,5,9.702217146186766e-05,7.105750748989037e-06,0.10559458433817762,0.003246103422370513
warmup,68,input,5,0.0003758651532066572,9.438168767193946e-06,0.6160108181129869,0.03372802043046434
warmup,68,output,5,0.0011087396768655641,2.5776730718406754e-05,1.4629603778211906,0.04752327323199811
warmup,68,output_norm,5,9.439421570125455e-05,7.921785911969764e-06,0.12742352683840172,0.011999146234728388
warmup,69,hidden,5,0.001006268859620274,2.314167686990608e-05,1.1087536869439845,0.04563685912689297
warmup,69,hidden_norm,5,9.592425717176622e-05,6.436225659417733e-06,0.10529027387932854,0.006417052849826214
warmup,69,input,5,0.00037373666365149796,9.89334584890397e-06,0.6141251072812464,0.030079639539006955
warmup,69,output,5,0.001102443209242225,2.780646999583441e-05,1.4501859554803338,0.04836833008150415
warmup,69,output_norm,5,9.362066703760283e-05,7.455900441607601e-06,0.13365847475249282,0.011112920437173138
warmup,70,hidden,5,0.0010015355084949916,2.1635932083902156e-05,1.0901874932789508,0.032778096728139076
warmup,70,hidden_norm,5,9.511273435071128e-05,6.67456619461862e-06,0.09548876360335226,0.0021736530273010145
warmup,70,input,5,0.00037152095869349126,7.974770593203378e-06,0.5954006040380583,0.017146673101683524
warmup,70,output,5,0.0010952087252908203,2.7308299058480698e-05,1.4069202518808177,0.06461215971496553
warmup,70,output_norm,5,9.230772915792582e-05,7.011858852703805e-06,0.10909755282489075,0.009075378562412495
warmup,71,hidden,5,0.0009930516261326806,2.265472167456929e-05,1.0905520672055895,0.06288489986749633
warmup,71,hidden_norm,5,9.456029136811216e-05,6.430652216674357e-06,0.09882935466066714,0.00791223141633737
warmup,71,input,5,0.0003689629361946751,7.904798326193667e-06,0.6034506637756799,0.0288783750673137
warmup,71,output,5,0.0010874305342683226,3.2421341895330054e-05,1.408246661371375,0.055938986073027754
warmup,71,output_norm,5,9.171117400491522e-05,6.768277371539198e-06,0.11517238261801407,0.013524293371916246
warmup,72,hidden,5,0.0009886684753685933,1.950486665410033e-05,1.1128835233097356,0.031188631553410562
warmup,72,hidden_norm,5,9.374537261404569e-05,6.1010623326443e-06,0.09818663057641987,0.007253244828967737
warmup,72,input,5,0.00036825180026655755,6.414008905531306e-06,0.61603957842274,0.02291922514989832
warmup,72,output,5,0.0010843783672096208,3.240047270881527e-05,1.44613241371195,0.03763983219609632
warmup,72,output_norm,5,9.054181078341458e-05,7.075735412066365e-06,0.11725111695198845,0.00997364614033129
warmup,73,hidden,5,0.0009825778717962748,2.191977979628194e-05,1.0915141829816188,0.039479975461634315
warmup,73,hidden_norm,5,9.245401096522853e-05,6.195883153852277e-06,0.096187522837154,0.006275183304855359
warmup,73,input,5,0.0003660829930653047,6.4116265802510665e-06,0.5989009005567384,0.026417582811294547
warmup,73,output,5,0.0010787873728194863,3.7355654762478256e-05,1.4197145752123388,0.07974610079262408
warmup,73,output_norm,5,8.996127665633724e-05,7.263052734895533e-06,0.11575980822067448,0.015689305985828454
warmup,74,hidden,5,0.0009764177388145183,2.305598077230601e-05,1.0920235534373686,0.036604339106846254
warmup,74,hidden_norm,5,9.163402982467349e-05,6.750502882021668e-06,0.10330483028636601,0.008384904979309967
warmup,74,input,5,0.00036475468939311406,7.572900735099164e-06,0.6089687118625868,0.02663021822965519
warmup,74,output,5,0.0010722974623167017,3.4986197341497344e-05,1.39796785235611,0.02831442154830731
warmup,74,output_norm,5,8.811383724228363e-05,8.742847002923216e-06,0.12538173914668738,0.013068527538294614
warmup,75,hidden,5,0.000974019996809132,2.4942904461896772e-05,1.115604410917684,0.047138823926413304
warmup,75,hidden_norm,5,9.139099774118164e-05,6.551774545274801e-06,0.10504367776515841,0.010166885895013052
warmup,75,input,5,0.0003645138416766798,8.224345252498175e-06,0.6225540290468723,0.03223102215160595
warmup,75,output,5,0.0010680130637522735,3.7218784957828495e-05,1.4216243123277406,0.05853420554038781
warmup,75,output_norm,5,8.70981472558897e-05,6.360559420348284e-06,0.12707314266859243,0.016030033050560173
warmup,76,hidden,5,0.0009677059426628201,2.222691032634733e-05,1.0908762374263816,0.03814548872608344
warmup,76,hidden_norm,5,9.119420773953172e-05,6.563601141021867e-06,0.10378276202088563,0.013724951559690555
warmup,76,input,5,0.00036274183885305655,7.3794148903902734e-06,0.6009219252821745,0.026439113610627896
warmup,76,output,5,0.0010619875738917069,3.331262764198185e-05,1.4162780672639717,0.02546841723168822
warmup,76,output_norm,5,8.695056648535241e-05,8.163251937492539e-06,0.12895467457253595,0.018148266877163314
warmup,77,hidden,5,0.0009643685373764536,1.952757619282245e-05,1.1025382539729864,0.04209485805657347
warmup,77,hidden_norm,5,9.10313640306219e-05,6.353041778284317e-06,0.10457029276643252,0.00796174798602914
warmup,77,input,5,0.0003615311267306068,8.008287310070704e-06,0.6058984788679297,0.023101575312462454
warmup,77,output,5,0.0010589435895267622,2.948701459131893e-05,1.438158688050684,0.06253177398839646
warmup,77,output_norm,5,8.606729423180442e-05,7.355177302576041e-06,0.12397117042180494,0.02031685284873594
warmup,78,hidden,5,0.0009576941097540644,2.1952771350086823e-05,1.0831605374187663,0.026337338685357727
warmup,78,hidden_norm,5,9.0673269521098e-05,6.732694654386179e-06,0.09717627111827967,0.007901279487607896
warmup,78,input,5,0.0003598927656739996,8.192021209582536e-06,0.5970729273121812,0.022921116719398952
warmup,78,output,5,0.0010526506869935938,3.174606934786519e-05,1.4088487621037287,0.015414665630219655
warmup,78,output_norm,5,8.530186363068285e-05,6.87343808408406e-06,0.1093960641381524,0.005596847573184312
warmup,79,hidden,5,0.0009509881940217773,1.9257895135574593e-05,1.0604306285970515,0.032152413463861336
warmup,79,hidden_norm,5,8.967992588896914e-05,6.54329580540448e-06,0.09642075604456538,0.0065615742731142245
warmup,79,input,5,0.00035785823184635273,6.5669222296988494e-06,0.5950368991959034,0.024686358942885917
warmup,79,output,5,0.0010472220435657324,3.148995987400049e-05,1.381143413038171,0.0343960788384619
warmup,79,output_norm,5,8.423814914482023e-05,6.160307312907341e-06,0.11344722223829251,0.012638534742397744
warmup,80,hidden,5,0.0009470294550219399,1.7996773389853026e-05,1.0775976555804903,0.03139038269823993
warmup,80,hidden_norm,5,8.865755015967316e-05,5.940122429927207e-06,0.09944093425371728,0.010980019545094196
warmup,80,input,5,0.0003566331508038528,6.403875487334921e-06,0.594786116935544,0.027060911260907785
warmup,80,output,5,0.0010465054166654496,3.28013774713885e-05,1.3994065989554925,0.055458642453499
warmup,80,output_norm,5,8.327226847941069e-05,6.0024418657181e-06,0.1163323166482769,0.01765869639951065
warmup,81,hidden,5,0.0009433725103786556,1.9224679021543905e-05,1.0731454145945312,0.04662390560863847
warmup,81,hidden_norm,5,8.839711918213856e-05,5.287424623687668e-06,0.09724954089510593,0.00550924508432777
warmup,81,input,5,0.0003557634176256026,6.14573839933369e-06,0.5928032982284887,0.02420485690921477
warmup,81,output,5,0.0010454979613301618,3.366312520770157e-05,1.4287123755613114,0.08470898134547958
warmup,81,output_norm,5,8.295659993290966e-05,5.811371532766119e-06,0.11273219746294032,0.005679815338659091
warmup,82,hidden,5,0.0009361044001892011,1.717936744875088e-05,1.0609422728771365,0.04301309587426756
warmup,82,hidden_norm,5,8.747444030513874e-05,4.2118268970503e-06,0.09818857500852686,0.010972238035638647
warmup,82,input,5,0.0003526306712516266,5.702447246146056e-06,0.5788578924970056,0.027737821655791518
warmup,82,output,5,0.0010357743287911498,3.419476329985487e-05,1.353743562694416,0.04880337485938474
warmup,82,output_norm,5,8.129941272920182e-05,4.009853726717413e-06,0.11177237877220152,0.01088594073056192
warmup,83,hidden,5,0.0009325339778406622,1.6076160299936685e-05,1.061107513238611,0.03340306341738638
warmup,83,hidden_norm,5,8.779373368917662e-05,4.622406920153431e-06,0.09607413145087727,0.007687077820505937
warmup,83,input,5,0.00035170927717924566,5.540709259146018e-06,0.583714049800834,0.015886988049138788
warmup,83,output,5,0.0010341181295201534,3.305034051647496e-05,1.3656557179249451,0.047322700588712775
warmup,83,output_norm,5,8.18264891485612e-05,4.465942390955315e-06,0.10880504761642143,0.01271677273261363
warmup,84,hidden,5,0.0009305207154848786,1.5219815588453083e-05,1.0826690547927238,0.042486498326403103
warmup,84,hidden_norm,5,8.772723966991631e-05,4.926369717028242e-06,0.10144445864248505,0.006553534794383534
warmup,84,input,5,0.0003518386462581849,6.689937178106695e-06,0.6009888223993389,0.028913699502844153
warmup,84,output,5,0.0010309786529468013,3.36921354808377e-05,1.4013503272145678,0.04890245159892205
warmup,84,output_norm,5,8.282540584487413e-05,5.457787056608533e-06,0.12458638477609663,0.011994855211724628
warmup,85,hidden,5,0.0009241010651477543,1.3650317478669998e-05,1.0374279580078067,0.01990763515239577
warmup,85,hidden_norm,5,8.725076306399659e-05,4.713362059384259e-06,0.09777929054414577,0.006085219085686564
warmup,85,input,5,0.000349130472441534,7.205477863351101e-06,0.5683496303575323,0.029331827341370728
warmup,85,output,5,0.0010250996423904009,3.2662947170679e-05,1.3251248166928176,0.022872036663417226
warmup,85,output_norm,5,8.20361407725713e-05,4.252261427490735e-06,0.11886813152818809,0.007239816533831209
warmup,86,hidden,5,0.0009218477643590389,1.7327154524113315e-05,1.0338360597590837,0.04236190000423878
warmup,86,hidden_norm,5,8.705434818025119e-05,4.321167209312151e-06,0.0897661845747341,0.005255926337166978
warmup,86,input,5,0.00034892477534126425,7.999574822754334e-06,0.5784519128817334,0.028055564842059576
warmup,86,output,5,0.0010249323917455564,3.505024000633451e-05,1.3396997131185882,0.06924396240762891
warmup,86,output_norm,5,8.219362537499218e-05,4.571652216172489e-06,0.10507819982162045,0.014586325642497611
warmup,87,hidden,5,0.0009169767439499606,1.937586523484396e-05,1.0358163937559364,0.05633700437166179
warmup,87,hidden_norm,5,8.662392889331051e-05,5.124998246381816e-06,0.09467858936254828,0.009995017815614899
warmup,87,input,5,0.0003473313876733412,7.06485241540677e-06,0.5718259667893026,0.030177732010122124
warmup,87,output,5,0.0010166901578305613,3.0295448961916147e-05,1.3202638562617188,0.04693793011177465
warmup,87,output_norm,5,8.152853878922338e-05,4.3392446529581676e-06,0.1138462785301555,0.014892541115114928
warmup,88,hidden,5,0.0009129374622340918,1.559294244371397e-05,1.0448020195635102,0.014743674441699849
warmup,88,hidden_norm,5,8.668876716277541e-05,5.8299435396912165e-06,0.09679510047321474,0.008544995710424882
warmup,88,input,5,0.0003466750937946652,5.766580245897362e-06,0.5824497370191588,0.012909354107870629
warmup,88,output,5,0.001009082288648063,2.805890573560217e-05,1.3340530590445052,0.02484831215066126
warmup,88,output_norm,5,8.100701258190475e-05,4.299623048740036e-06,0.10791222551612764,0.010450826573861212
warmup,89,hidden,5,0.0009074197408738478,1.6465438695916842e-05,1.0262885923794989,0.04615906206497023
warmup,89,hidden_norm,5,8.669282364630679e-05,6.013001242760705e-06,0.09820641012674265,0.013565824906422679
warmup,89,input,5,0.00034539985325040634,6.241249789593631e-06,0.574654891144738,0.02824614698614129
warmup,89,output,5,0.00100330396257439,2.2093016596363905e-05,1.326203333499668,0.0565040456075391
warmup,89,output_norm,5,8.120754835762328e-05,4.2430479556533016e-06,0.12066452623410069,0.012350321476148441
warmup,90,hidden,5,0.0009016531217680135,1.7367390783647332e-05,1.027757962937901,0.03803446774722411
warmup,90,hidden_norm,5,8.644796017756585e-05,5.511951849899596e-06,0.09579253775687607,0.00903146568024689
warmup,90,input,5,0.00034437696767852414,7.256739109894889e-06,0.5838442256376918,0.025241701701703447
warmup,90,output,5,0.000994332163567754,2.3767157494867518e-05,1.3190724601669745,0.054176483991915055
warmup,90,output_norm,5,8.050662817648665e-05,3.682441381273389e-06,0.10902046699194567,0.013243561391460533
warmup,91,hidden,5,0.0008987790717502435,1.7485989524298136e-05,1.0180764484471487,0.026489321879491615
warmup,91,hidden_norm,5,8.623110298128616e-05,6.714421919799416e-06,0.09748418272799296,0.0032436426792927637
warmup,91,input,5,0.0003437298394072045,5.333340640606636e-06,0.563710791743596,0.019543791281764106
warmup,91,output,5,0.0009894789084407961,2.7125579330144484e-05,1.306935149454813,0.0417121181118539
warmup,91,output_norm,5,8.017673025395159e-05,5.227228977052236e-06,0.11622211143162078,0.007869475581630992
warmup,92,hidden,5,0.0008964730875731927,1.9730341302655943e-05,1.0290008227403007,0.02539985670157145
warmup,92,hidden_norm,5,8.651434474974937e-05,7.1399635938663315e-06,0.09824988406064797,0.010412929376442679
warmup,92,input,5,0.0003428167743227841,4.125217417095589e-06,0.5741643827547623,0.01551119079684488
warmup,92,output,5,0.0009859586391915082,3.3119030579741876e-05,1.332379236094982,0.03501594950043674
warmup,92,output_norm,5,8.139230103417988e-05,4.226714958490004e-06,0.1202838045701953,0.012453496995673097
warmup,93,hidden,5,0.0008928077144664728,1.8982794987936706e-05,1.0065593970468496,0.02208714989801421
warmup,93,hidden_norm,5,8.584482077203045e-05,6.124572318657678e-06,0.09171341162230844,0.003416859947584201
warmup,93,input,5,0.00034149652206240616,3.102291938369629e-06,0.5594707632881661,0.010784426304801973
warmup,93,output,5,0.000980860655690374,3.415904638350363e-05,1.2895021016015278,0.03543119242751285
warmup,93,output_norm,5,8.223832541065812e-05,3.484248788768954e-06,0.10744291171061246,0.004245238900504544
warmup,94,hidden,5,0.0008886829332397453,2.2692007430422223e-05,1.0355465538359614,0.03558640545229397
warmup,94,hidden_norm,5,8.547362448160174e-05,6.199783386942465e-06,0.0978598806361626,0.007080189192283936
warmup,94,input,5,0.00034046838381860675,3.5678658321302765e-06,0.5785498050361002,0.02008294019417487
warmup,94,output,5,0.0009764223919744182,3.260826238359789e-05,1.3284388156981974,0.05672818302194968
warmup,94,output_norm,5,8.130583446647409e-05,3.1812737829657267e-06,0.11078256640537973,0.010685433915143224
warmup,95,hidden,5,0.0008849906938464978,2.321121941672264e-05,1.0482585802419153,0.03176706336681527
warmup,95,hidden_norm,5,8.561485253273482e-05,7.172297394760394e-06,0.10005715391782961,0.010064481428882577
warmup,95,input,5,0.0003399687345637395,4.668171396295466e-06,0.5870469915978612,0.012538510442068964
warmup,95,output,5,0.000968965379547574,3.0692327309576656e-05,1.347160579515342,0.06044156741836615
warmup,95,output_norm,5,8.238740188143636e-05,4.535850467969504e-06,0.12007719865869734,0.016979942185594715
warmup,96,hidden,5,0.0008805920949673432,2.4472217224227252e-05,1.033299099654961,0.0341446001766359
warmup,96,hidden_norm,5,8.388243015973167e-05,6.3181998840630946e-06,0.09351525747010354,0.011508246972549183
warmup,96,input,5,0.00033844258456502653,6.4289577075589365e-06,0.5792715262831523,0.028409930093731668
warmup,96,output,5,0.0009644621423281022,3.238997727789144e-05,1.3142990071771197,0.030899223034180606
warmup,96,output_norm,5,7.941382051009037e-05,3.842856474348751e-06,0.10518713244829822,0.022435950221066453
warmup,97,hidden,5,0.0008748350319587818,2.5142462488427327e-05,1.009765735508941,0.04980502802108797
warmup,97,hidden_norm,5,8.408840504531287e-05,5.628590630150913e-06,0.09196466672417639,0.006334722292995913
warmup,97,input,5,0.00033711106446093146,6.7469335215332865e-06,0.5662724471055354,0.01774772022599148
warmup,97,output,5,0.0009565043418605058,3.501878517604826e-05,1.2785978866263763,0.05472590028460606
warmup,97,output_norm,5,7.906802588855163e-05,3.116832898001749e-06,0.10446552735655275,0.0068712579195965625
warmup,98,hidden,5,0.0008687755348256639,2.912099166759537e-05,1.0048369576007607,0.034774669068093324
warmup,98,hidden_norm,5,8.359915005956984e-05,5.135746136375784e-06,0.0954327969466672,0.01008615423195399
warmup,98,input,5,0.00033590302588116995,7.39434090937125e-06,0.5739041864856385,0.02166693521673621
warmup,98,output,5,0.0009496084909023882,3.509372808511928e-05,1.3038184089025138,0.045594965129825735
warmup,98,output_norm,5,7.936300579234498e-05,3.891539294455417e-06,0.11510837273288459,0.015143103321517474
warmup,99,hidden,5,0.0008677855124444769,3.129783294354218e-05,1.0088405736068544,0.014072704204344253
warmup,99,hidden_norm,5,8.436494936563616e-05,5.578488042575032e-06,0.09703007069371301,0.007758965951974696
warmup,99,input,5,0.0003353392111812797,7.352214829605549e-06,0.5642026690206642,0.017373435137102107
warmup,99,output,5,0.0009466505246668346,3.871859745994651e-05,1.2721619556436008,0.0301056439707129
warmup,99,output_norm,5,8.002931137631288e-05,4.055183071811436e-06,0.11200947169409821,0.012523601741868916
warmup,100,hidden,5,0.0008622318421096168,2.6534502313685052e-05,1.0032344444744865,0.05520726157517839
warmup,100,hidden_norm,5,8.365255155173192e-05,5.219025996314495e-06,0.09020464183424953,0.007796974447420096
warmup,100,input,5,0.00033419692586451666,6.82870416447485e-06,0.5614981310747947,0.038117021698931684
warmup,100,output,5,0.0009435837880288524,3.439919903213544e-05,1.2786828712869123,0.08297767036675986
warmup,100,output_norm,5,7.962935545864682e-05,4.325269322395511e-06,0.10153324537294828,0.010781422828751285
warmup,101,hidden,5,0.0008569570462481343,2.4614907893193044e-05,1.0136670494658822,0.05374809912517713
warmup,101,hidden_norm,5,8.30917257910064e-05,4.705880396138663e-06,0.09212106043433126,0.005346046840051495
warmup,101,input,5,0.0003332998860510779,7.539283641800845e-06,0.5677724849227113,0.03865818835113728
warmup,101,output,5,0.0009372324012878287,3.092844522171698e-05,1.2957495436826112,0.08643412061285752
warmup,101,output_norm,5,7.857855252357349e-05,4.792275190118764e-06,0.10579963549859166,0.015603008829491333
warmup,102,hidden,5,0.0008579271419767494,2.217043397679314e-05,1.0022545939075007,0.03285109147824698
warmup,102,hidden_norm,5,8.380553032816761e-05,4.123385126438373e-06,0.09353633635773986,0.002960132646095235
warmup,102,input,5,0.0003328972727832375,7.213528193292668e-06,0.5604098751802937,0.022910324349042818
warmup,102,output,5,0.0009385749595489023,3.325466855209012e-05,1.273397947710667,0.03405735182248391
warmup,102,output_norm,5,7.96103541692723e-05,4.269227089861593e-06,0.10722096339058965,0.0058682725312281464
warmup,103,hidden,5,0.0008528195588768611,2.1239723909070876e-05,0.9907585258553828,0.02212066559072382
warmup,103,hidden_norm,5,8.350304898180081e-05,3.933268381940461e-06,0.09671837214749501,0.0049162887505746385
warmup,103,input,5,0.0003311497185758278,9.145818597060337e-06,0.5582525223049736,0.02681050482168175
warmup,103,output,5,0.0009350890935648315,3.1356614869637e-05,1.2732560516061362,0.04739690101050422
warmup,103,output_norm,5,7.90116977948438e-05,3.865009990501808e-06,0.11944489620040126,0.0069795709339875505
warmup,104,hidden,5,0.0008515797482655434,1.930020753934228e-05,1.0044301301661185,0.03750692238031851
warmup,104,hidden_norm,5,8.385354350208482e-05,4.093701840177725e-06,0.09444157256420242,0.005380342900968407
warmup,104,input,5,0.0003304000996900672,7.874738650350735e-06,0.5676481561804689,0.03230274244979576
warmup,104,output,5,0.0009330400011101934,2.998223119790067e-05,1.2728128785766106,0.03708510308263893
warmup,104,output_norm,5,7.931044009349237e-05,3.168889919735471e-06,0.10775731187581987,0.005278126886002863
warmup,105,hidden,5,0.0008480609302045222,1.884527737172274e-05,1.001592287128574,0.027742493677917906
warmup,105,hidden_norm,5,8.388194379979783e-05,4.642863822800961e-06,0.09461519470405481,0.0061002493731788544
warmup,105,input,5,0.00032892100819431413,6.419116577470411e-06,0.5633047335227621,0.016784593122379156
warmup,105,output,5,0.0009315938243268715,2.9686300656358185e-05,1.2814920718580007,0.0558135142184521
warmup,105,output_norm,5,7.764857405056927e-05,3.9247440589499985e-06,0.10523348321059858,0.010400425447765057
warmup,106,hidden,5,0.0008440098987422439,1.8130906005889338e-05,1.0092840623750825,0.04700429908879993
warmup,106,hidden_norm,5,8.37179058285354e-05,3.963260549920136e-06,0.09737538831103171,0.007764211387677456
warmup,106,input,5,0.00032821497354972674,6.0237909151209224e-06,0.5708747853459238,0.017453405791506005
warmup,106,output,5,0.0009264005179345648,2.9926040733369095e-05,1.2773062051939406,0.07993940201038316
warmup,106,output_norm,5,7.813861093179059e-05,3.045438476496461e-06,0.1147986018170436,0.013678055617546536
warmup,107,hidden,5,0.0008420946129772795,1.7834598252069387e-05,1.009748575841098,0.03301000644632339
warmup,107,hidden_norm,5,8.44480875880833e-05,3.1476683681700173e-06,0.09438218485668387,0.006034322749140371
warmup,107,input,5,0.0003279820042351449,5.303886549777418e-06,0.5739296481399407,0.030206479426862033
warmup,107,output,5,0.0009247006744029287,3.647451286789573e-05,1.2821793015881915,0.06731949853985843
warmup,107,output_norm,5,8.053788571311695e-05,3.5413705386054974e-06,0.11393034404621667,0.012255280080048657
warmup,108,hidden,5,0.0008421699649938744,1.409067113080278e-05,1.0121357791069618,0.05284276790817891
warmup,108,hidden_norm,5,8.415723063331312e-05,3.216337691145765e-06,0.0988481953293546,0.00556723934573034
warmup,108,input,5,0.00032775220115573535,5.5853056908539725e-06,0.5682410487432527,0.03968019299797667
warmup,108,output,5,0.0009250865850256613,3.534807799471528e-05,1.285242738241492,0.027743290977780954
warmup,108,output_norm,5,7.957203332971948e-05,3.854581001157501e-06,0.11596355314151055,0.01136257915229975
warmup,109,hidden,5,0.0008380241130353742,1.1848735143924787e-05,0.9768031097451679,0.05012477115993449
warmup,109,hidden_norm,5,8.370555722781524e-05,2.5145064759390577e-06,0.09172900714492487,0.006149298586364893
warmup,109,input,5,0.00032627105805674235,7.519437119975086e-06,0.5585751045132352,0.031237506492207513
warmup,109,output,5,0.0009227479101062974,3.2734868176621294e-05,1.2604223981990734,0.06151111636562708
warmup,109,output_norm,5,8.067847635425212e-05,3.7414787221836264e-06,0.11352585784305635,0.008614275271860917
warmup,110,hidden,5,0.0008379128219155613,8.85283984145222e-06,1.0039082352497908,0.03513507790494488
warmup,110,hidden_norm,5,8.374054690700801e-05,2.1787682199079315e-06,0.09370959904290017,0.004264946491826833
warmup,110,input,5,0.00032597403519985484,6.329032914094488e-06,0.5663167682105383,0.028568797525381318
warmup,110,output,5,0.0009212059763796767,2.649442307716212e-05,1.2892818140942162,0.04219849270229956
warmup,110,output_norm,5,8.080146938206577e-05,3.8698322277001895e-06,0.10745463461658251,0.015071583180623006
warmup,111,hidden,5,0.000834877138984656,6.254880186430159e-06,1.0026111435598637,0.02325808851846361
warmup,111,hidden_norm,5,8.389459677226765e-05,2.1297838946216054e-06,0.09003793443866082,0.006490029879449199
warmup,111,input,5,0.0003254939568864515,4.080089161929908e-06,0.5675130932323343,0.014502041324303484
warmup,111,output,5,0.0009146235736106738,2.0327893177418677e-05,1.2667260983199795,0.03330274091812992
warmup,111,output_norm,5,7.984302636754744e-05,4.221020971779944e-06,0.10260946048025162,0.011797432381772785
warmup,112,hidden,5,0.0008308205629433801,7.630645933725102e-06,0.9792942193753987,0.04282603662914932
warmup,112,hidden_norm,5,8.375021064097602e-05,2.060125431320421e-06,0.09086248194028107,0.007462972077121026
warmup,112,input,5,0.00032424226369842733,5.269379337709708e-06,0.5579044645290135,0.023110560116802598
warmup,112,output,5,0.0009089883810195117,2.0705072664096673e-05,1.2550117568157713,0.0558502557210271
warmup,112,output_norm,5,8.035608727282445e-05,4.8390439710871725e-06,0.1044271304385677,0.008099309845641244
warmup,113,hidden,5,0.0008272925116374428,1.1346213313553378e-05,0.9839193391234382,0.033442556708799975
warmup,113,hidden_norm,5,8.36560204785358e-05,2.8054836934564535e-06,0.09152975697040863,0.005462517075159928
warmup,113,input,5,0.0003243355422325979,5.3989918879870596e-06,0.5618042383804696,0.023947766529240588
warmup,113,output,5,0.0009062266068130453,2.3343869224195496e-05,1.2651309343508226,0.031195718740221215
warmup,113,output_norm,5,8.062898415517801e-05,3.6817007456573186e-06,0.10999322193241974,0.014940699621406678
warmup,114,hidden,5,0.0008218268181838682,8.241851866252935e-06,0.9708933623715559,0.02445715586931522
warmup,114,hidden_norm,5,8.323414008856162e-05,2.12220830057514e-06,0.09224775428667417,0.006041828751656531
warmup,114,input,5,0.0003227085978388633,5.621073242607348e-06,0.549475855601943,0.015717017659720854
warmup,114,output,5,0.0009006305709570188,2.6057117478952173e-05,1.2321849805270761,0.045485489127807484
warmup,114,output_norm,5,8.016910340831408e-05,3.0257008974973285e-06,0.1045044337070121,0.01149361374563895
warmup,115,hidden,5,0.0008199881980842569,1.1670757586081448e-05,0.9865904546412663,0.06214260905943964
warmup,115,hidden_norm,5,8.279799690951121e-05,2.4527526406824813e-06,0.0912466940017291,0.00934559596434306
warmup,115,input,5,0.00032220499442969916,7.130087534482991e-06,0.5557632574084197,0.026077156002598755
warmup,115,output,5,0.0008989671137572871,2.4435610931106172e-05,1.2654959685395692,0.08238965274164496
warmup,115,output_norm,5,8.027501440851256e-05,2.572759845688361e-06,0.10787210813605438,0.010683099841156297
warmup,116,hidden,5,0.0008166179568183819,1.1779736477287669e-05,0.9838535281039145,0.03771758607062546
warmup,116,hidden_norm,5,8.31316251097272e-05,2.500565179680514e-06,0.0960601351807803,0.008410411121583604
warmup,116,input,5,0.00032177563004567064,6.152903371577804e-06,0.562968592160302,0.027291874636515844
warmup,116,output,5,0.0008965834555545325,2.4743881600186577e-05,1.2649854254333806,0.05162807661850977
warmup,116,output_norm,5,8.030148082420699e-05,1.8266826767918717e-06,0.11311644618849455,0.015604052601860803
warmup,117,hidden,5,0.0008109450665829771,1.2490812180305193e-05,0.9718943196284048,0.0589561798447815
warmup,117,hidden_norm,5,8.295791133221617e-05,3.305333475029297e-06,0.09059107033377771,0.009395334578205582
warmup,117,input,5,0.0003198215868209705,5.295748031188828e-06,0.5552978345654079,0.0359606075639396
warmup,117,output,5,0.0008885235910041783,1.9902450108607874e-05,1.24712143634323,0.04875543950057979
warmup,117,output_norm,5,7.991742525632549e-05,1.4160395613627886e-06,0.10630083445861964,0.012676004819285153
warmup,118,hidden,5,0.000806574104876194,1.5818805589485473e-05,0.9737521339562851,0.06193329772456554
warmup,118,hidden_norm,5,8.260317499766894e-05,4.007335118254019e-06,0.0944677644850057,0.009910620235853106
warmup,118,input,5,0.0003188553382935509,5.80450098209244e-06,0.553108258650948,0.03733699004487299
warmup,118,output,5,0.0008840970582159817,1.880785346946894e-05,1.2386532563819865,0.0714135173498991
warmup,118,output_norm,5,7.9344104130959e-05,2.3345077664720445e-06,0.10877946872543771,0.014033768247957795
warmup,119,hidden,5,0.0008070218265399855,1.6201773915590175e-05,0.9617856134561509,0.02547388058239868
warmup,119,hidden_norm,5,8.18793841845159e-05,4.2660825205046536e-06,0.08609455239590022,0.0032048420336675924
warmup,119,input,5,0.0003190257936666966,5.052455445385186e-06,0.5461559895191199,0.012271484945452247
warmup,119,output,5,0.0008839360292178296,1.7650487599360084e-05,1.2344199443355943,0.04544961308337371
warmup,119,output_norm,5,8.02313814470032e-05,2.7345409451309894e-06,0.10293375693287547,0.00840224691109066
warmup,120,hidden,5,0.0008055232863990383,1.3046481727519932e-05,0.9887891472410452,0.0486873742935745
warmup,120,hidden_norm,5,8.253330146603991e-05,2.882035818333294e-06,0.09687693393988143,0.011339366626360332
warmup,120,input,5,0.0003197981239160586,4.2397294870368546e-06,0.5706699266801388,0.028504358610601577
warmup,120,output,5,0.0008811635479860837,1.971299568285327e-05,1.267124838092106,0.08066346648858884
warmup,120,output_norm,5,8.129467584611553e-05,2.8400538602704814e-06,0.11404217080616422,0.014700509348167155
warmup,121,hidden,5,0.0008036234839697483,1.0061972775149196e-05,0.959260271361863,0.03670727459535178
warmup,121,hidden_norm,5,8.249919293907922e-05,2.9179119697636736e-06,0.08738220366604267,0.005879519739060918
warmup,121,input,5,0.0003192381901134785,4.199508332295821e-06,0.55062161399002,0.02103864099044247
warmup,121,output,5,0.0008795170753759728,1.7653184337819957e-05,1.2144447207266087,0.042211441281061156
warmup,121,output_norm,5,8.071467989910456e-05,2.511005291992671e-06,0.09837388854103962,0.009197203861423026
warmup,122,hidden,5,0.0008039029147524117,1.1606083584811283e-05,0.9601393064052424,0.04876419179770103
warmup,122,hidden_norm,5,8.254725809441629e-05,2.0525776930800547e-06,0.08988321415163276,0.0030362370949374167
warmup,122,input,5,0.0003188629625493318,4.9837588259394845e-06,0.5474113889058623,0.03768400587619684
warmup,122,output,5,0.0008796375585811841,1.6993659960430422e-05,1.2168277065845052,0.05136035273243144
warmup,122,output_norm,5,8.114963862793727e-05,3.1668071780767047e-06,0.10174079833273268,0.00536562879772685
warmup,123,hidden,5,0.0007975808410045337,1.0996109522945683e-05,0.9508491308403597,0.04843238542106449
warmup,123,hidden_norm,5,8.178256486495223e-05,2.3506108576870702e-06,0.09273335140203734,0.007388344848884605
warmup,123,input,5,0.00031614527544659244,6.469851828774973e-06,0.5404997016384815,0.032610840571791734
warmup,123,output,5,0.0008744459362936266,1.7380678128711912e-05,1.2180383431684183,0.0391899346886532
warmup,123,output_norm,5,8.016099328731124e-05,2.1512633400770297e-06,0.1045047736223855,0.006092887264444201
warmup,124,hidden,5,0.0007971558585993235,1.3460637957763165e-05,0.9707189237684236,0.03232770228990006
warmup,124,hidden_norm,5,8.149690838378218e-05,4.063157559964972e-06,0.08998386381519043,0.008729065966163742
warmup,124,input,5,0.00031690958249115246,7.065037286292168e-06,0.5544692323398349,0.0270055739295791
warmup,124,output,5,0.0008739352803555595,1.9356070513491245e-05,1.2232933251329434,0.03301723968132893
warmup,124,output_norm,5,7.896037916766907e-05,2.511150415057748e-06,0.09672892720881993,0.008537439362218728
warmup,125,hidden,5,0.0007915214263535641,1.1275436624247306e-05,0.9372644627937825,0.03409113518856043
warmup,125,hidden_norm,5,8.132774962258345e-05,4.1152659532993786e-06,0.09071267147691889,0.006050608891583314
warmup,125,input,5,0.00031497856155100984,6.204147624900064e-06,0.5328838179949893,0.02528741041643482
warmup,125,output,5,0.0008643014153041287,1.932195726616223e-05,1.185269688891606,0.03834587841694838
warmup,125,output_norm,5,7.965501836940193e-05,2.7672291870713905e-06,0.10751046126036116,0.006784718124342207
warmup,126,hidden,5,0.0007866220273839823,9.964178447130666e-06,0.9506617662344562,0.05837899374753196
warmup,126,hidden_norm,5,8.04046969776754e-05,3.6796537487341705e-06,0.0846692356203352,0.006815474657372544
warmup,126,input,5,0.00031301160905982355,4.468860964822742e-06,0.5387636097238667,0.028599300813960157
warmup,126,output,5,0.0008594579587569244,2.1751991395059456e-05,1.214834379395946,0.0893479751661292
warmup,126,output_norm,5,7.970944611895369e-05,3.2710450961797597e-06,0.09756259894267996,0.008439020203266454
warmup,127,hidden,5,0.0007826167850243151,7.899033077958932e-06,0.9394999310883911,0.035960704714439434
warmup,127,hidden_norm,5,8.098583625248184e-05,3.3188999806862784e-06,0.08874341161419846,0.004009360253730284
warmup,127,input,5,0.0003115717513488714,5.026577998804775e-06,0.5387375099524958,0.028673624038092465
warmup,127,output,5,0.0008569168870579102,2.2924009602571013e-05,1.1775704510405758,0.05202111943422354
warmup,127,output_norm,5,7.898986766647961e-05,2.1028964075130174e-06,0.09441396757305591,0.007119285803652748
warmup,128,hidden,5,0.000786108365112995,7.113457526415962e-06,0.9930493590862547,0.04105013068650483
warmup,128,hidden_norm,5,8.164831019906018e-05,2.9247007916832724e-06,0.09558507112710193,0.007990748789620132
warmup,128,input,5,0.0003127343775822089,4.051848847798597e-06,0.5608075775824857,0.016558314363261734
warmup,128,output,5,0.0008602084137304471,1.7329453594086014e-05,1.2481931041503622,0.03511201725059127
warmup,128,output_norm,5,7.902967993224731e-05,2.1692130295362626e-06,0.10745907183482553,0.013756212490331224
warmup,129,hidden,5,0.0007840420027770897,9.941226239025678e-06,0.9575522076612165,0.01920415711862228
warmup,129,hidden_norm,5,8.085649419889355e-05,3.5169637044915358e-06,0.09284901629536754,0.00873288531790499
warmup,129,input,5,0.0003118312428003094,5.143383100934957e-06,0.5479375835409105,0.0149039045850186
warmup,129,output,5,0.0008544998027541637,2.0254771278744383e-05,1.2045587263127246,0.03540513509632665
warmup,129,output_norm,5,7.891451806586608e-05,2.316839908979067e-06,0.10957703278667345,0.011059732783368595
warmup,130,hidden,5,0.000781134396343041,9.833118726672862e-06,0.9634507986378089,0.0400959421289433
warmup,130,hidden_norm,5,8.147165856482308e-05,3.237674412202644e-06,0.09849354416828378,0.013702562631339565
warmup,130,input,5,0.00031135231326999624,6.296945052856768e-06,0.5510501974887896,0.03280648757124487
warmup,130,output,5,0.0008519864577559118,1.8952150847425863e-05,1.2248294568949238,0.06011348982818325
warmup,130,output_norm,5,7.922304589138148e-05,3.6483687433758953e-06,0.10973270953901264,0.021656442458635676
warmup,131,hidden,5,0.0007806794816822934,9.890577908666846e-06,0.9462324693023036,0.05530160387046376
warmup,131,hidden_norm,5,8.17631143106377e-05,3.208274520769529e-06,0.0914322241775893,0.008889459365614751
warmup,131,input,5,0.00031118041279677944,6.870603615009405e-06,0.539376042005001,0.03348368195175107
warmup,131,output,5,0.0008508094761564165,2.584680783089375e-05,1.185458025355397,0.05373545373803827
warmup,131,output_norm,5,7.962131201245038e-05,4.62417303261566e-06,0.10529209084972675,0.012330177428482582
warmup,132,hidden,5,0.0007792775394444512,1.2513125761189357e-05,0.9557021496505357,0.05067077024030499
warmup,132,hidden_norm,5,8.190077909134207e-05,3.0020957921312202e-06,0.09988718355573664,0.007846629742273774
warmup,132,input,5,0.0003118394461838576,6.7403589338189986e-06,0.5553932764568044,0.020930321391898547
warmup,132,output,5,0.0008481236958573109,2.3133785916967895e-05,1.2150806383212633,0.06620964536590922
warmup,132,output_norm,5,7.935720390593565e-05,3.4142111490692186e-06,0.11999781650456845,0.015417164699826333
warmup,133,hidden,5,0.0007727367520219501,1.5883374393449003e-05,0.9476431192545073,0.02641029557133484
warmup,133,hidden_norm,5,8.128512145402204e-05,2.642998676110399e-06,0.0944242292428919,0.005889393517193364
warmup,133,input,5,0.00030946784312866894,7.684696556448396e-06,0.5456106735554521,0.006445388020556759
warmup,133,output,5,0.0008411167522211231,2.4572691922927358e-05,1.196763699980567,0.05989569405089639
warmup,133,output_norm,5,7.746202523692358e-05,4.557107532636382e-06,0.10121855466846508,0.009257545141809265
warmup,134,hidden,5,0.0007663526907946124,1.7339406191855502e-05,0.9250061292618195,0.027829801501644234
warmup,134,hidden_norm,5,8.05414754447315e-05,1.8861172114158844e-06,0.09281271189276777,0.00987077486306651
warmup,134,input,5,0.0003070123026600188,5.311273473667975e-06,0.5341147997474355,0.033393212103464555
warmup,134,output,5,0.0008395824212787915,2.8290634841934005e-05,1.1912330326823934,0.0487035960716505
warmup,134,output_norm,5,7.696418258545038e-05,4.41770196609511e-06,0.10482728843666855,0.01772222549110853
warmup,135,hidden,5,0.0007644967935112805,1.3275475797980671e-05,0.9394567999905064,0.03599460803612069
warmup,135,hidden_norm,5,7.983379232196275e-05,1.7276231961394539e-06,0.09024439153725446,0.008043289229887039
warmup,135,input,5,0.00030687198384352505,3.216856041084129e-06,0.5394251828725106,0.03091433975429675
warmup,135,output,5,0.0008388359623588231,2.2631688699587573e-05,1.2029513576886885,0.06472868724713847
warmup,135,output_norm,5,7.688303018303264e-05,3.6379759858920686e-06,0.10347079143125644,0.009062422239971687
warmup,136,hidden,5,0.0007596817964097866,8.206469487471168e-06,0.9299521897434719,0.03946284888292155
warmup,136,hidden_norm,5,7.960532815753051e-05,1.1837276695782218e-06,0.09222812571378551,0.008403901019248329
warmup,136,input,5,0.0003055706707410392,4.324910812591254e-06,0.5392297028796088,0.03349825275849933
warmup,136,output,5,0.0008332994476139572,1.931679674669213e-05,1.1618845278424588,0.026680878552801903
warmup,136,output_norm,5,7.589837445242322e-05,4.506869391617732e-06,0.09752042570604144,0.010152579775467142
warmup,137,hidden,5,0.0007599811941225905,3.3911169794458873e-06,0.9306414061522588,0.032490664985795545
warmup,137,hidden_norm,5,7.986468694582407e-05,1.7214863015851745e-06,0.09420274949866511,0.00941794751801303
warmup,137,input,5,0.0003050152785712523,3.962776044054838e-06,0.5370338807816207,0.020362812879519313
warmup,137,output,5,0.0008330430587336184,1.5239555510458958e-05,1.1784927904907345,0.01446136436162313
warmup,137,output_norm,5,7.745495294361976e-05,3.3220838851432526e-06,0.11069880651434164,0.014701708372155353
warmup,138,hidden,5,0.0007576345262661531,6.966630033678664e-06,0.919980156505661,0.04274012311428586
warmup,138,hidden_norm,5,7.966244219769481e-05,2.6696467821873246e-06,0.09006083540636492,0.008003019422043614
warmup,138,input,5,0.00030349580612692046,3.904797067546136e-06,0.5282606738657747,0.028864750391017376
warmup,138,output,5,0.0008297707385947359,1.344386286968776e-05,1.143205383334416,0.05412632543680143
warmup,138,output_norm,5,7.704975397538049e-05,2.4777909706184263e-06,0.1026664492681035,0.009470538438165728
warmup,139,hidden,5,0.0007563844732719786,1.2157336804605939e-05,0.934138449471089,0.05227293620771413
warmup,139,hidden_norm,5,7.888943934625467e-05,2.370350544604801e-06,0.08947526769280884,0.008076190737737592
warmup,139,input,5,0.0003026106361290888,3.814388322173941e-06,0.5387511466457757,0.033132246094713796
warmup,139,output,5,0.0008287423042359304,1.1871266613527734e-05,1.166679677379312,0.04459306515176809
warmup,139,output_norm,5,7.623079258863985e-05,3.3415943401751144e-06,0.10101497559213243,0.011438533854500265
warmup,140,hidden,5,0.0007517986551250442,1.2408790000724943e-05,0.9160643231688906,0.04678123455053379
warmup,140,hidden_norm,5,7.817134906544842e-05,1.8203972477264545e-06,0.08933738606616518,0.0040624956964385
warmup,140,input,5,0.00030125430511985813,3.827067842869323e-06,0.5270184516775861,0.027177647616700124
warmup,140,output,5,0.0008235117018382679,1.9367233043696976e-05,1.1506886925299504,0.06933636340689313
warmup,140,output_norm,5,7.521518395059022e-05,3.016548038852761e-06,0.1011950865751646,0.010747412186502407
warmup,141,hidden,5,0.0007490899072987323,1.4729337323882295e-05,0.912099687321934,0.040041913341875804
warmup,141,hidden_norm,5,7.783854719187624e-05,2.7873874665820216e-06,0.08628014172036216,0.006912099913095232
warmup,141,input,5,0.0003004308586776883,3.4971545300099054e-06,0.5254156960436063,0.026043807371907816
warmup,141,output,5,0.0008193328480997823,8.396018132568798e-06,1.1481078156346904,0.0457269648494607
warmup,141,output_norm,5,7.480351621931836e-05,2.6266994521579533e-06,0.09664480863821345,0.010786694474951857
warmup,142,hidden,5,0.0007439462895451845,1.2039321172698765e-05,0.9235967529167546,0.03549803024547394
warmup,142,hidden_norm,5,7.695539380069684e-05,2.317584567466049e-06,0.09178054857214804,0.0093332738940419
warmup,142,input,5,0.0003005355873614483,2.758946038358119e-06,0.5404737529714528,0.020430780835145563
warmup,142,output,5,0.0008136917314359816,1.0801926080911488e-05,1.166692003152162,0.04930835160416028
warmup,142,output_norm,5,7.464741825047693e-05,4.02305836626056e-06,0.10785428717836813,0.010817905581218784
warmup,143,hidden,5,0.0007417049648204615,1.0530044147429984e-05,0.9080166534371223,0.049593704561567954
warmup,143,hidden_norm,5,7.658919312554277e-05,2.345784164708561e-06,0.08877806970717751,0.0029765158515716126
warmup,143,input,5,0.0002997724367627506,3.6874358052093974e-06,0.5251761509534312,0.02890382994829428
warmup,143,output,5,0.0008116159529254726,1.050629738361346e-05,1.1560441109462527,0.05777542542693855
warmup,143,output_norm,5,7.472819713029137e-05,2.904883051495732e-06,0.09924596168038455,0.007797974746333489
warmup,144,hidden,5,0.0007412002426720752,9.698718878476188e-06,0.9336899910753447,0.04594812647706491
warmup,144,hidden_norm,5,7.660549038758484e-05,2.459045780698995e-06,0.08777151160613586,0.004987714864239174
warmup,144,input,5,0.00029951475818605215,4.740340755783962e-06,0.535477606655131,0.023103971616268586
warmup,144,output,5,0.000810368219402569,1.3450261657104834e-05,1.1590294285054115,0.05036532776754175
warmup,144,output_norm,5,7.495435968372993e-05,1.9129438990682747e-06,0.09790380832166352,0.008728039889638493
warmup,145,hidden,5,0.0007361641254499836,1.1434073290880822e-05,0.893733555634428,0.014878391851630153
warmup,145,hidden_norm,5,7.629083374100743e-05,3.002450634492274e-06,0.09064384952020159,0.0057419604284235865
warmup,145,input,5,0.0002980157673693659,3.370013781997196e-06,0.5259302990512026,0.021037713382722843
warmup,145,output,5,0.0008051397830317608,1.881873475075152e-05,1.1208785576301266,0.036862674937334396
warmup,145,output_norm,5,7.491760912249028e-05,2.8302706005331987e-06,0.10258977947657884,0.007080546958298331
warmup,146,hidden,5,0.0007333611752893985,1.2361797399399475e-05,0.9173458614677564,0.026178721586760743
warmup,146,hidden_norm,5,7.637636577808436e-05,3.219300114540914e-06,0.09524810925910668,0.008894231550017475
warmup,146,input,5,0.00029769620103566795,4.071935508388615e-06,0.5372293533874233,0.020280951253022005
warmup,146,output,5,0.0007996869883294724,2.011452472718068e-05,1.1337111225808763,0.031882562110590616
warmup,146,output_norm,5,7.390005049551137e-05,1.5982520864357604e-06,0.10718335581957192,0.012824404280074421
warmup,147,hidden,5,0.0007283346732870599,1.4604308287319358e-05,0.9249281982839956,0.015533646635549934
warmup,147,hidden_norm,5,7.512169591516801e-05,3.6671151063556386e-06,0.09153658567285457,0.007932394522384454
warmup,147,input,5,0.00029685039920584804,4.032583187566095e-06,0.5457432160753208,0.012468197400500642
warmup,147,output,5,0.0007928859428667376,2.0677157707356877e-05,1.152223801641539,0.03925892482708104
warmup,147,output_norm,5,7.360695667943688e-05,1.7086345740807965e-06,0.10404416834236137,0.011338186399587346
warmup,148,hidden,5,0.000726939059329082,1.565177051131673e-05,0.9310094184627307,0.023139545648601104
warmup,148,hidden_norm,5,7.56625805531486e-05,3.811741149698167e-06,0.09487394105801412,0.005498435131449582
warmup,148,input,5,0.0002964495171304793,4.972139057637032e-06,0.5424635655116689,0.013139144735412191
warmup,148,output,5,0.0007914036899191505,2.3818959482647892e-05,1.1753427108061878,0.06756260192408961
warmup,148,output_norm,5,7.444471747598529e-05,2.3799149637648217e-06,0.10795270616891639,0.006637075787184537
warmup,149,hidden,5,0.0007236868844072814,1.2321404341175155e-05,0.90944492950814,0.040153735348601394
warmup,149,hidden_norm,5,7.505876223071392e-05,3.78132721276758e-06,0.08822288441558421,0.005029068857893786
warmup,149,input,5,0.00029626738037638855,3.3078474664737306e-06,0.5373749776152357,0.022060208224266624
warmup,149,output,5,0.000786195804541126,2.1588719478245804e-05,1.126202032109162,0.053077439596945
warmup,149,output_norm,5,7.490053297121876e-05,2.270492268735591e-06,0.09820324132471607,0.008843261203563015
warmup,150,hidden,5,0.0007272884715109066,1.5892386188417386e-05,0.95088127430435,0.018748227644596584
warmup,150,hidden_norm,5,7.695254683919572e-05,4.071619991273386e-06,0.10325704145023584,0.010228901510067634
warmup,150,input,5,0.00029771649556794633,4.780307289957451e-06,0.554343094538871,0.014716309888918847
warmup,150,output,5,0.0007900898639032825,2.4638578086764927e-05,1.1911913714514841,0.05792696683545637
warmup,150,output_norm,5,7.556530025048468e-05,4.750470579201604e-06,0.11295688220134144,0.015560206809165896
warmup,151,hidden,5,0.0007247869227800136,1.4016810804316249e-05,0.9373182453731307,0.05528692097450302
warmup,151,hidden_norm,5,7.626073126292506e-05,2.8648350870126305e-06,0.09631526115132902,0.01653689532644822
warmup,151,input,5,0.00029768433596423673,5.734147629473042e-06,0.5468682744539604,0.04080054244687689
warmup,151,output,5,0.0007848542015560601,2.1210924789495964e-05,1.1735438878355058,0.06834628913092416
warmup,151,output_norm,5,7.361469744419305e-05,4.218112653512843e-06,0.10954517606183325,0.019390541233305254
warmup,152,hidden,5,0.0007243965167142506,1.6177642671849482e-05,0.9230460378917693,0.05977720176664664
warmup,152,hidden_norm,5,7.783144724852194e-05,4.198544506712147e-06,0.09061227491955862,0.009970263948797133
warmup,152,input,5,0.00029747946884033327,6.366260439269919e-06,0.531954376613178,0.027198570206215984
warmup,152,output,5,0.0007846116289090842,1.9761621928019524e-05,1.1415977318730008,0.06946945120193472
warmup,152,output_norm,5,7.530438678469055e-05,5.342856772973636e-06,0.09967180422319621,0.014764340266381366
warmup,153,hidden,5,0.0007207737728440114,1.271610918142116e-05,0.9079147046866385,0.028976540710354846
warmup,153,hidden_norm,5,7.68489120574064e-05,3.2247448569452806e-06,0.09019350048242371,0.009375046868431164
warmup,153,input,5,0.00029623276848833005,5.1261588255817145e-06,0.5295175364675364,0.029196817981938808
warmup,153,output,5,0.0007826679931305402,1.986137892256526e-05,1.1289933783531705,0.040674956742714985
warmup,153,output_norm,5,7.466695473109775e-05,3.87726624770774e-06,0.10223030611277636,0.016096553163020628
warmup,154,hidden,5,0.0007188022518844529,7.477386490582793e-06,0.9095386130986975,0.045310279282667086
warmup,154,hidden_norm,5,7.654988444801106e-05,3.3292715350817614e-06,0.09177115534939388,0.007303270365318393
warmup,154,input,5,0.00029624618628364883,4.650304910082323e-06,0.5305525608938081,0.0350952805110139
warmup,154,output,5,0.0007787687683934307,1.5519738935661668e-05,1.1224637462882623,0.06124893216830072
warmup,154,output_norm,5,7.404685364288964e-05,3.119645156473842e-06,0.10273511030138312,0.008741364249910835
warmup,155,hidden,5,0.0007157570137796873,1.2562837570704304e-05,0.8968799160856611,0.0365169502839187
warmup,155,hidden_norm,5,7.657431689037373e-05,2.391039449521234e-06,0.08375163821378451,0.005789390187448202
warmup,155,input,5,0.0002957124531409641,3.2202541666752897e-06,0.527197349862378,0.02629699073394959
warmup,155,output,5,0.0007746867193622481,1.6610148082887178e-05,1.1121672325575083,0.03938417780018006
warmup,155,output_norm,5,7.445108878497081e-05,2.3403155736770554e-06,0.09255113263207751,0.008060376529860096
warmup,156,hidden,5,0.0007112390142489471,9.521938940260943e-06,0.8791793545804094,0.03103025583359124
warmup,156,hidden_norm,5,7.634678156541767e-05,3.0297892584490397e-06,0.08592186284937171,0.006756461013987796
warmup,156,input,5,0.00029361992089511186,4.577409230133111e-06,0.5070674544697222,0.022524703744379256
warmup,156,output,5,0.0007702790922614452,1.6580634671084022e-05,1.0979953349455092,0.03886660416349524
warmup,156,output_norm,5,7.411050896072584e-05,9.690296331195934e-07,0.090438911240482,0.010581960958098305
warmup,157,hidden,5,0.0007096275358554967,1.008931414694836e-05,0.9230734602401911,0.032628780753530096
warmup,157,hidden_norm,5,7.65014249559398e-05,2.738463311133478e-06,0.09665467405306741,0.004784595741587801
warmup,157,input,5,0.0002933032822639072,4.3679691478140625e-06,0.5393517801709734,0.029995005718191785
warmup,157,output,5,0.0007694949408098634,1.744163011747448e-05,1.1599438385767504,0.036146796420583466
warmup,157,output_norm,5,7.383619668751356e-05,2.5976864253091864e-06,0.10727248777259768,0.007037978971634672
warmup,158,hidden,5,0.0007130376826235353,1.0734456289845506e-05,0.9266297794807589,0.020279271369093674
warmup,158,hidden_norm,5,7.670548842991696e-05,3.866520005699077e-06,0.09233993017624803,0.0027918457266566605
warmup,158,input,5,0.00029492022678880773,3.6319355290074703e-06,0.5451939566715563,0.00833893716803321
warmup,158,output,5,0.0007726386878399439,1.9471099245317358e-05,1.1422353018508233,0.02428445139765479
warmup,158,output_norm,5,7.327327271629441e-05,3.641032720966295e-06,0.09605938889809061,0.010531422430870284
warmup,159,hidden,5,0.000710722507557454,1.4010921277640264e-05,0.8827281063070143,0.06785762464513775
warmup,159,hidden_norm,5,7.742084744316058e-05,4.135159658937608e-06,0.09017991016242483,0.014421813198190673
warmup,159,input,5,0.000294326370304825,4.360377327724498e-06,0.5172275027240175,0.03812378533065966
warmup,159,output,5,0.000770935202964675,2.087181108206485e-05,1.1044265499854937,0.08310793483800126
warmup,159,output_norm,5,7.407127116875256e-05,2.358630966402256e-06,0.10039206287330878,0.020768109842002322
warmup,160,hidden,5,0.0007084358759116385,1.2880226110100924e-05,0.8928141491388601,0.025610701766072066
warmup,160,hidden_norm,5,7.727114397989109e-05,4.160104508973215e-06,0.09483482846008008,0.015023420265100026
warmup,160,input,5,0.00029302135240475357,4.6278641967297124e-06,0.5255988911790452,0.017755035714926436
warmup,160,output,5,0.0007660162993398689,1.754471483520503e-05,1.0902806215761869,0.052540881709051704
warmup,160,output_norm,5,7.45708338016991e-05,3.6581317810173593e-06,0.10655124245798495,0.027447232963761368
warmup,161,hidden,5,0.0007111596718438004,1.2162305562421413e-05,0.8939621253920029,0.029405546321813775
warmup,161,hidden_norm,5,7.67633896606855e-05,4.076218775863885e-06,0.0839579235945728,0.003408236953924445
warmup,161,input,5,0.0002940056085784388,3.96144819490038e-06,0.5255594517738609,0.020114320846564657
warmup,161,output,5,0.0007671334654755511,1.5214487170141828e-05,1.1031866983828387,0.0361947657030505
warmup,161,output_norm,5,7.341026133830303e-05,2.5565950046550774e-06,0.09180334433756962,0.007228122621343147
warmup,162,hidden,5,0.0007128596479092884,9.745157853644898e-06,0.8940064479511486,0.0353952888929473
warmup,162,hidden_norm,5,7.823841951676356e-05,3.5473000109670356e-06,0.08985577588414266,0.003940527623983693
warmup,162,input,5,0.00029399214190508954,3.2327726572374615e-06,0.5242161462689118,0.02627994410511213
warmup,162,output,5,0.0007669367198316488,4.906903470519618e-06,1.1098938252639676,0.04207822078301928
warmup,162,output_norm,5,7.49870785507426e-05,1.7974374123719086e-06,0.09769166210315935,0.009880944964455648
warmup,163,hidden,5,0.0007075191824948213,1.0542676000623146e-05,0.8851990113660438,0.086388587088452
warmup,163,hidden_norm,5,7.697958899853066e-05,4.181965775645069e-06,0.08365073242716137,0.008092171986242177
warmup,163,input,5,0.0002931042661110745,3.97166853187078e-06,0.5248731133893203,0.05897230347478701
warmup,163,output,5,0.0007614496619160067,5.453103819446059e-06,1.1074842506701355,0.07053750271217198
warmup,163,output_norm,5,7.402900596265041e-05,3.6189147975759057e-06,0.09355307378111721,0.010131357949154658
warmup,164,hidden,5,0.0007093934216631387,1.1289725427368635e-05,0.9046149830208888,0.029948058493719253
warmup,164,hidden_norm,5,7.663098842144593e-05,4.297268296330313e-06,0.08758766639906455,0.004647654390276085
warmup,164,input,5,0.0002944783402523391,3.359735145727671e-06,0.5322279976674487,0.015217458168175109
warmup,164,output,5,0.0007592194325179322,2.8328036743851914e-06,1.1210212270442352,0.027718225201670586
warmup,164,output_norm,5,7.458705470791417e-05,4.407728707088447e-06,0.1004842358247127,0.004899867469041495
warmup,165,hidden,5,0.0007086500962500198,8.16479889230857e-06,0.890514886042976,0.05935035812608368
warmup,165,hidden_norm,5,7.579908066362118e-05,4.554272576937353e-06,0.09139314614626345,0.017168058243965677
warmup,165,input,5,0.0002938791349108436,3.7554191104687867e-06,0.5265438883408662,0.03384447574627676
warmup,165,output,5,0.0007581511812289696,6.09698262763802e-06,1.112508649879421,0.08095321885356532
warmup,165,output_norm,5,7.462366602265477e-05,4.512246840130467e-06,0.10253307637069646,0.016041314148846436
warmup,166,hidden,5,0.000704020043889477,9.817863917182871e-06,0.8755555894752156,0.035147015319694976
warmup,166,hidden_norm,5,7.618032525536315e-05,4.176550052700356e-06,0.08818146245371239,0.00969056432909297
warmup,166,input,5,0.00029142122359381787,3.3265673394612576e-06,0.510722042264873,0.02693562379310327
warmup,166,output,5,0.0007547306003375561,8.189709172261441e-06,1.0738683639622024,0.04647641161376127
warmup,166,output_norm,5,7.507366356943309e-05,4.347206731241204e-06,0.10086145930043308,0.007926929993425237
warmup,167,hidden,5,0.0006989135968200066,1.427920110590266e-05,0.8913575230130582,0.0364082005375587
warmup,167,hidden_norm,5,7.482007919691971e-05,4.7052071773783226e-06,0.08731142816580702,0.004955825915761811
warmup,167,input,5,0.0002891494756003878,3.2475210421318747e-06,0.5262348838082136,0.020003448967971897
warmup,167,output,5,0.0007470661858484557,1.4710768637084983e-05,1.0942028384187261,0.04109866772220736
warmup,167,output_norm,5,7.315522580321644e-05,6.301001806501343e-06,0.09805125294283865,0.006975119886317046
warmup,168,hidden,5,0.0006963885731786022,1.0911524407469817e-05,0.8891874176164943,0.03810568243168794
warmup,168,hidden_norm,5,7.491602048768171e-05,4.573120863801415e-06,0.0886727225584117,0.0052253258521390514
warmup,168,input,5,0.0002892663352888806,4.647156195843787e-06,0.5252276407514609,0.028684538128276794
warmup,168,output,5,0.000744966479940232,1.4312900129841841e-05,1.0947416432996278,0.0396463795815887
warmup,168,output_norm,5,7.290831248885059e-05,6.250428372578382e-06,0.09413475614894894,0.008320199067389612
warmup,169,hidden,5,0.0006923055860420644,9.666156218487187e-06,0.8750638314427576,0.0478378735498781
warmup,169,hidden_norm,5,7.475707053070323e-05,4.640680227577965e-06,0.09006457475051735,0.004690391859780387
warmup,169,input,5,0.0002869487731726874,4.619067558245569e-06,0.5129569425874229,0.03172584783903259
warmup,169,output,5,0.0007422558272997967,1.4841426992154246e-05,1.0959975251114877,0.055342460143561784
warmup,169,output_norm,5,7.299108681294456e-05,6.972967819243473e-06,0.09819247198217992,0.006038140270156928
warmup,170,hidden,5,0.0006901048397876806,7.5381306187971925e-06,0.8988654872832109,0.027801916603532786
warmup,170,hidden_norm,5,7.50341222381404e-05,4.86756888283636e-06,0.0863058148624751,0.00879668515603963
warmup,170,input,5,0.00028696153289554965,4.759612381400624e-06,0.528473634824185,0.01352956079473986
warmup,170,output,5,0.0007395672667554551,1.4811622016866861e-05,1.1032538123908957,0.03479992134449216
warmup,170,output_norm,5,7.375719021996367e-05,7.167167960490738e-06,0.09327648173580479,0.009538620121366805
warmup,171,hidden,5,0.0006885564239617195,8.266702863199219e-06,0.8795686281748211,0.016163013081402944
warmup,171,hidden_norm,5,7.465585028125004e-05,4.232347381619072e-06,0.08789118221352261,0.00549298565123665
warmup,171,input,5,0.0002856092078367156,4.809981228365992e-06,0.5118702037037259,0.01620390858978
warmup,171,output,5,0.0007443731985582078,1.4966475830136573e-05,1.1068925183740945,0.010755000267027226
warmup,171,output_norm,5,7.345563973497095e-05,5.89516658257244e-06,0.09653060238038573,0.006620038091579178
warmup,172,hidden,5,0.000684442185253732,4.510644787171811e-06,0.8804731443537515,0.04121235393736386
warmup,172,hidden_norm,5,7.47502177390427e-05,3.8785051496984085e-06,0.09009770818173751,0.007171521075297014
warmup,172,input,5,0.00028419310112701515,4.015725147426362e-06,0.5203327624350845,0.019428134290634738
warmup,172,output,5,0.0007390262617516711,1.6528189835780936e-05,1.0883327722953349,0.036518613763170615
warmup,172,output_norm,5,7.385928986406038e-05,5.433865748256704e-06,0.1034752687670449,0.01229803152189101
warmup,173,hidden,5,0.0006862716782014154,7.149130065210144e-06,0.892535151632479,0.05211653427265745
warmup,173,hidden_norm,5,7.490233749628543e-05,4.387265673468116e-06,0.08946956845264166,0.009813824629338582
warmup,173,input,5,0.00028489261742776383,5.0751714051403665e-06,0.5303363428230619,0.033371819162887714
warmup,173,output,5,0.0007390453713998894,1.3998943281531648e-05,1.103686332170931,0.05694688651303842
warmup,173,output_norm,5,7.398491323761482e-05,3.839327378217441e-06,0.10016920337555246,0.016902615762822877
warmup,174,hidden,5,0.0006861693372668786,5.325088608392252e-06,0.8696790447632816,0.04222530314082068
warmup,174,hidden_norm,5,7.381954300886562e-05,4.3622602447796954e-06,0.08428121146821413,0.004919926743043968
warmup,174,input,5,0.0002848039031456848,5.450634701512204e-06,0.5188191448690201,0.02967654435395452
warmup,174,output,5,0.0007380000322023214,1.6072568005100275e-05,1.0669329171192683,0.021626746884110423
warmup,174,output_norm,5,7.301031248686473e-05,4.05244727927044e-06,0.09395917401091194,0.004435777093944358
warmup,175,hidden,5,0.0006819353043453307,8.169517524397412e-06,0.8706434148637847,0.038154802539283016
warmup,175,hidden_norm,5,7.393232821712264e-05,3.934343511389731e-06,0.08779325796530105,0.012337800123392511
warmup,175,input,5,0.00028319535371620284,6.648025763460638e-06,0.5178433061912455,0.028991285419965908
warmup,175,output,5,0.0007353856886918017,1.7644027993901616e-05,1.0776067385751642,0.04619578654233948
warmup,175,output_norm,5,7.290415849327289e-05,2.7923315850555468e-06,0.09717614461615996,0.010403462835020189
warmup,176,hidden,5,0.0006772669842747398,8.600305621993405e-06,0.8732409136860948,0.03271272314111381
warmup,176,hidden_norm,5,7.295598141792467e-05,3.637574924763604e-06,0.08959257617618582,0.0036538763582950264
warmup,176,input,5,0.00028167865919818095,6.382380134653553e-06,0.5242611843439704,0.031799960966944166
warmup,176,output,5,0.0007321690099019394,2.4123276572454916e-05,1.078123830150742,0.027101700791625508
warmup,176,output_norm,5,7.283571530102885e-05,3.6607644222667045e-06,0.10125926532804885,0.006917087140358132
warmup,177,hidden,5,0.0006742670179490524,8.712155005404995e-06,0.8600875798023845,0.022985706805112967
warmup,177,hidden_norm,5,7.285697558546478e-05,2.7988797661200784e-06,0.08959158946494869,0.0065827858916524176
warmup,177,input,5,0.0002815767831157158,6.138805249767219e-06,0.5198357444115883,0.018417538764708342
warmup,177,output,5,0.0007292319157861282,2.3196431209053964e-05,1.0832302185104683,0.044584157063693466
warmup,177,output_norm,5,7.296092254957733e-05,2.4878336964514067e-06,0.10434321376719322,0.007639470148958751
warmup,178,hidden,5,0.0006750644025477872,7.019673401527279e-06,0.8865972425172031,0.04734940845131468
warmup,178,hidden_norm,5,7.153441422067004e-05,3.3459179770182657e-06,0.09310108114241247,0.007759338116836089
warmup,178,input,5,0.0002822366802815262,5.679506718265715e-06,0.5275682722211344,0.033161484557516475
warmup,178,output,5,0.0007286623135886584,2.137656134846657e-05,1.0961456217350964,0.0552297518789017
warmup,178,output_norm,5,7.252499430780615e-05,2.4251085966858105e-06,0.10463330565719105,0.009964278462038088
warmup,179,hidden,5,0.0006716796353701361,7.794196621398667e-06,0.8522065192999166,0.027796426284554556
warmup,179,hidden_norm,5,7.14196287869911e-05,3.6931962958743183e-06,0.08815441666968567,0.00800009938396216
warmup,179,input,5,0.0002806867783111635,6.212922640385194e-06,0.5022004428506085,0.022220401779915917
warmup,179,output,5,0.0007257038544747597,2.0808405571244995e-05,1.049869183937344,0.029303222665074017
warmup,179,output_norm,5,7.213214927169917e-05,3.143679280777191e-06,0.09357953581560072,0.014711344506969008
warmup,180,hidden,5,0.0006678034805561502,9.710478783830521e-06,0.8707223156778635,0.02753079146134295
warmup,180,hidden_norm,5,7.137972964327216e-05,5.449098862993983e-06,0.09065910369947586,0.01092600665725843
warmup,180,input,5,0.00027908150202751454,6.60216815929102e-06,0.5206307906812073,0.022140487648571936
warmup,180,output,5,0.0007207014355601801,2.0071496617485865e-05,1.0789356853800645,0.029363668298121155
warmup,180,output_norm,5,7.146685466543362e-05,3.9209427156320035e-06,0.09849637702601421,0.016750735001600462
warmup,181,hidden,5,0.0006696526666653579,6.331233315629977e-06,0.8973573120604772,0.02870035695472946
warmup,181,hidden_norm,5,7.211381975073926e-05,4.1548594216936445e-06,0.09015267740975541,0.007206400003513101
warmup,181,input,5,0.0002794140447388152,5.625541260028964e-06,0.529979577683482,0.018237094842313832
warmup,181,output,5,0.0007219668885415571,1.8563460913577936e-05,1.0842644640353982,0.037252922126991495
warmup,181,output_norm,5,7.179795459749422e-05,3.937507385085073e-06,0.10047746062928511,0.00847884744975483
warmup,182,hidden,5,0.0006686170756752902,6.196689205936343e-06,0.8968357535918143,0.031919764068906335
warmup,182,hidden_norm,5,7.184243797765543e-05,3.3280527286951637e-06,0.0939324068274564,0.010096045346221787
warmup,182,input,5,0.0002794256582748616,6.011918808063441e-06,0.538398537156888,0.018249908245037524
warmup,182,output,5,0.000720312724344447,2.1815426575410005e-05,1.0966565922940543,0.05769563962340419
warmup,182,output_norm,5,7.074439716778405e-05,3.2746283600779125e-06,0.10181869692256525,0.011509388876713553
warmup,183,hidden,5,0.0006680374351759565,6.503321882778447e-06,0.869425771006666,0.019204249242517332
warmup,183,hidden_norm,5,7.247665307834551e-05,2.999074572981937e-06,0.08267381660825282,0.0022882733491062656
warmup,183,input,5,0.00027972638422120016,5.5741281665633985e-06,0.5244871796047662,0.018323400116984207
warmup,183,output,5,0.0007200187758991407,2.4612577304390135e-05,1.0592929830825935,0.04861795710439189
warmup,183,output_norm,5,7.123619921054409e-05,3.991927943885114e-06,0.08426613215973659,0.007302231964033013
warmup,184,hidden,5,0.000667181223890871,5.976373748412896e-06,0.8591342690023932,0.02026917574232962
warmup,184,hidden_norm,5,7.122505713890352e-05,2.3508098769734868e-06,0.08051635538808727,0.0042368209031966465
warmup,184,input,5,0.000279581859423419,5.6661415033018115e-06,0.511619469643622,0.024093234115693973
warmup,184,output,5,0.0007209050497702785,2.3284426095468367e-05,1.0627717651074846,0.03310990450311476
warmup,184,output_norm,5,6.998591877059026e-05,3.365801541430471e-06,0.08748696667305264,0.008919493000709952
warmup,185,hidden,5,0.0006667025491928044,7.94442661322793e-06,0.8555525200389278,0.04695880836074356
warmup,185,hidden_norm,5,7.182772021820655e-05,2.5610670064554885e-06,0.08585958503864291,0.013356904710764537
warmup,185,input,5,0.00027860609305141394,5.648176965635656e-06,0.5066140261515767,0.02821309555573636
warmup,185,output,5,0.0007201615868202664,2.651549434071294e-05,1.044140674681386,0.03663507426840504
warmup,185,output_norm,5,7.089392496018463e-05,3.7605651689340752e-06,0.09179611833064667,0.012327498294060551
warmup,186,hidden,5,0.0006668774933614718,5.7881941682272004e-06,0.8735038558406488,0.04547258660081843
warmup,186,hidden_norm,5,7.106515423207553e-05,1.8890501273218662e-06,0.09012409310999554,0.004544641965780946
warmup,186,input,5,0.000278706093009556,4.655909669313019e-06,0.5227189213919787,0.02917615086120969
warmup,186,output,5,0.000719336972235847,2.366086082954586e-05,1.0973730138592372,0.05385613732357968
warmup,186,output_norm,5,7.098401253527852e-05,3.0485502420779415e-06,0.10094432004500187,0.010428074341566146
warmup,187,hidden,5,0.0006645309193582382,4.589616229017822e-06,0.8478298426564175,0.03754084158623985
warmup,187,hidden_norm,5,7.179379152106729e-05,2.876896210782166e-06,0.08898702979015156,0.014135518717176197
warmup,187,input,5,0.0002781517409169892,2.2150981297570663e-06,0.5060510920826028,0.03472924281174657
warmup,187,output,5,0.0007179512177733195,2.332734810206283e-05,1.0419453610339469,0.041078647403637744
warmup,187,output_norm,5,7.12182048476757e-05,2.8408061412275903e-06,0.09688669988506995,0.01559882554765318
warmup,188,hidden,5,0.0006613565579179556,3.6518517509929325e-06,0.8745883733360831,0.035316367682140755
warmup,188,hidden_norm,5,7.273763425371402e-05,2.987527781313059e-06,0.09465415757459147,0.01586167660641488
warmup,188,input,5,0.0002777269914171198,2.904884617224259e-06,0.5283827554632756,0.029754382791508396
warmup,188,output,5,0.0007122777710282273,1.9909793568447935e-05,1.0546345347978994,0.033035363831432615
warmup,188,output_norm,5,7.181043698235334e-05,3.4412564321030495e-06,0.09918866085590405,0.01714582658700468
warmup,189,hidden,5,0.0006606576979280858,8.378150763980878e-06,0.8604864290484494,0.028418155836433985
warmup,189,hidden_norm,5,7.36797878949353e-05,3.4011319512002656e-06,0.08923635074074274,0.004921482944901272
warmup,189,input,5,0.0002768825942494329,3.4316721114617535e-06,0.516150540789271,0.02135968399339621
warmup,189,output,5,0.0007147195737699566,2.7801208932907403e-05,1.0563820412285883,0.023366121992430832
warmup,189,output_norm,5,7.249377690749534e-05,4.274007153328434e-06,0.10140708014022896,0.0063594004497669054
warmup,190,hidden,5,0.0006592878191935413,8.86724121753936e-06,0.8584925573927352,0.02810879055369985
warmup,190,hidden_norm,5,7.251967037584704e-05,2.7119907944731957e-06,0.08092368294286105,0.002876932958042321
warmup,190,input,5,0.00027560002695476815,3.7153891643218184e-06,0.5077346718929208,0.02624991645367154
warmup,190,output,5,0.0007137739615036065,2.996376437951233e-05,1.0482550213383217,0.042088152640892905
warmup,190,output_norm,5,7.102560279737688e-05,3.2538647921772955e-06,0.08574246993235625,0.006317806777030155
warmup,191,hidden,5,0.0006596929975079402,8.67364691030408e-06,0.8529472563599867,0.04109994754056295
warmup,191,hidden_norm,5,7.160184640231428e-05,2.021236909762928e-06,0.0844669384592092,0.010738464883257727
warmup,191,input,5,0.00027616482333141327,3.1939954958458773e-06,0.5116492414782748,0.027026120110571778
warmup,191,output,5,0.0007132224967079077,2.6643869370085503e-05,1.0529182131105512,0.05044784855552506
warmup,191,output_norm,5,7.0766738770419e-05,3.2152813121406133e-06,0.09275808605339948,0.015811568659950405
warmup,192,hidden,5,0.0006569017520315817,9.714311256091624e-06,0.861481589313206,0.02075295105328999
warmup,192,hidden_norm,5,7.061721399956937e-05,2.8484630662279806e-06,0.09077079364022063,0.007384270654065796
warmup,192,input,5,0.00027488148698925745,2.7651477375458707e-06,0.5214642874780662,0.014220674325357799
warmup,192,output,5,0.0007098562997107833,2.420858903796259e-05,1.0601816564218693,0.021225806535174908
warmup,192,output_norm,5,7.006757303314342e-05,3.2007470546589056e-06,0.09764393348144815,0.007990596579047882
warmup,193,hidden,5,0.0006599745294848576,9.068987519273449e-06,0.8793059618091297,0.03438757925347076
warmup,193,hidden_norm,5,7.142143848435633e-05,2.0913591203565923e-06,0.09552402929927997,0.007599227461081131
warmup,193,input,5,0.0002764183238214514,2.3652112902922123e-06,0.5331194793878283,0.01732865600392186
warmup,193,output,5,0.0007132643916199226,1.960712056894732e-05,1.081075533828041,0.05390644201736035
warmup,193,output_norm,5,7.192999831082301e-05,3.3942244455218325e-06,0.1034748263018456,0.011204806041514644
warmup,194,hidden,5,0.0006596737618952554,1.117453791765935e-05,0.86396218831711,0.045790220101662754
warmup,194,hidden_norm,5,7.098185371856457e-05,3.199937683575115e-06,0.08771815951641845,0.013843837204318848
warmup,194,input,5,0.0002756091063665964,1.2895145034712793e-06,0.5204652653189926,0.03150905447812181
warmup,194,output,5,0.0007106356247837248,1.9032314877317074e-05,1.0605220717139834,0.05214072137709476
warmup,194,output_norm,5,7.253324182486676e-05,2.6861489765361128e-06,0.09621413635431801,0.0191223446087886
warmup,195,hidden,5,0.0006542267710211902,1.0025565360549608e-05,0.8531878336847729,0.04143128480787379
warmup,195,hidden_norm,5,7.14056553642487e-05,1.9816351061783588e-06,0.08590794065761108,0.01322111454243799
warmup,195,input,5,0.0002741075444451647,3.5578877872324925e-06,0.5096979879909509,0.022206572967479795
warmup,195,output,5,0.0007070538639902254,2.139804565048146e-05,1.0600228875884554,0.05129096840140039
warmup,195,output_norm,5,7.165308355300761e-05,2.025929651186809e-06,0.09347897844636106,0.017633142977947498
warmup,196,hidden,5,0.0006546708009249915,7.757803877515556e-06,0.8690512262330434,0.03577540422812653
warmup,196,hidden_norm,5,7.190419624824992e-05,3.1012970193034256e-06,0.087241582234481,0.0062932479221813305
warmup,196,input,5,0.0002740655888424634,1.6208227297147857e-06,0.5224535971357562,0.02981711646995446
warmup,196,output,5,0.0007032034634244441,1.8457296983265887e-05,1.0510760990579144,0.03682878904407897
warmup,196,output_norm,5,7.235358223469565e-05,3.2562103314482796e-06,0.09294573287165864,0.004732143386326105
warmup,197,hidden,5,0.0006539475383815694,1.3229044235463177e-05,0.8472819921767142,0.03734532246702945
warmup,197,hidden_norm,5,7.25996038590529e-05,2.8074018748393e-06,0.08628833412982466,0.002859935795521997
warmup,197,input,5,0.0002735372414306868,3.1897977538777325e-06,0.5069321027773299,0.02630632607025068
warmup,197,output,5,0.0007020303336340096,2.170740032483761e-05,1.0389939175444411,0.049904287026203
warmup,197,output_norm,5,7.230972133262438e-05,4.832456483111294e-06,0.0873090155903924,0.009690201053188253
warmup,198,hidden,5,0.0006529277182620104,1.195216446223888e-05,0.8711916151879043,0.0538323739979351
warmup,198,hidden_norm,5,7.270716975792128e-05,3.034947642927898e-06,0.08585866102899378,0.006118781215536039
warmup,198,input,5,0.0002730672931853276,1.347242278760487e-06,0.5260484435609815,0.03846987698455346
warmup,198,output,5,0.0006978747747669128,2.1616046925955832e-05,1.0457119159044186,0.0755924231361762
warmup,198,output_norm,5,7.175339958266317e-05,4.548429852568729e-06,0.08981833903590278,0.00974278895709966
warmup,199,hidden,5,0.0006537716141749196,1.898936006180224e-05,0.8695968399901709,0.07993135200405634
warmup,199,hidden_norm,5,7.32536930965226e-05,5.812974346404754e-06,0.09260707517108413,0.017672377388694805
warmup,199,input,5,0.0002737293115958829,4.276336210420527e-06,0.5260592852392837,0.04224981701312782
warmup,199,output,5,0.000696581859877329,2.4081582464592073e-05,1.0683089881620684,0.10550066586477613
warmup,199,output_norm,5,7.299111033313982e-05,7.78747194162522e-06,0.10586098379800321,0.021422609751316633
warmup,200,hidden,5,0.0006492766227311956,1.645968807616218e-05,0.8569944367173287,0.036291424100463536
warmup,200,hidden_norm,5,7.252863196407346e-05,5.402138782540262e-06,0.08493119268516913,0.0030644086304120834
warmup,200,input,5,0.00027273905956856696,3.655919505771815e-06,0.5192708189837159,0.031211287568240386
warmup,200,output,5,0.0006894064085207828,2.030404752385573e-05,1.0424079198176448,0.033431817937504105
warmup,200,output_norm,5,7.214544663705264e-05,5.675927542060874e-06,0.09175965263071859,0.008424599753954976
